country_id,country,iso_codes,population_scope_codes,scenario_year,scenario_gdp_scaling,vanilla_population,proposed_population,population_scale,population_delta_percent,population_manual_review,population_geography_note,vanilla_json_initial_gdp,vanilla_effective_gdp,vanilla_gdp_per_capita,nominal_gdp_per_capita_after_scenario_scaling,ppp_gdp_per_capita_after_scenario_scaling,lower_bound_gdp_per_capita,upper_bound_gdp_per_capita,proposed_gdp_per_capita,decision,proposed_effective_gdp_after_scenario_scaling,proposed_json_initial_gdp,population_method,nominal_method,ppp_method,review_flag,un_wpp_source_url,imf_source_url,world_bank_source_url
AFG,Afghanistan,AFG,AFG,2003,1.59,22733049,22733049,1,0,no,Single-country territory; UN WPP and vanilla are within the ±5% review threshold.,14740350877,23437157894,1031,318,1763,318,1763,1031,kept_vanilla,23437157894,14740350877,AFG: UN WPP 2024 Medium exact 2003,AFG: IMF exact 2003,AFG: IMF exact 2003,complete_primary,https://www.un.org/development/desa/pd/world-population-prospects-2024,https://api.imf.org/external/sdmx/3.0/data/dataflow/IMF.RES/WEO/9.0.0/,https://api.worldbank.org/v2/
AFG,Afghanistan,AFG,AFG,2022,1,41044223,40578842,0.9886614737474748,-1.1338526252525183,no,Single-country territory; UN WPP and vanilla are within the ±5% review threshold.,71202560000,71202560000,1735,357,2123,357,2123,1735,kept_vanilla,70395227904,70395227904,AFG: UN WPP 2024 Medium exact 2022,AFG: IMF exact 2022,AFG: IMF exact 2022,complete_primary,https://www.un.org/development/desa/pd/world-population-prospects-2024,https://api.imf.org/external/sdmx/3.0/data/dataflow/IMF.RES/WEO/9.0.0/,https://api.worldbank.org/v2/
AFG,Afghanistan,AFG,AFG,2026,0.87,45047069,45047069,1,0,no,Single-country territory; UN WPP and vanilla are within the ±5% review threshold.,63810560000,55515187200,1232,409,2054,409,2054,1232,kept_vanilla,55515187200,63810560000,AFG: UN WPP 2024 Medium exact 2026,"AFG: peer-growth inference from IMF 2025; Middle East, North Africa, Afghanistan & Pakistan median 1.83%/yr (18 peers, capped at ±8%)","AFG: peer-growth inference from IMF 2025; Middle East, North Africa, Afghanistan & Pakistan median -0.39%/yr (19 peers, capped at ±8%)",inferred,https://www.un.org/development/desa/pd/world-population-prospects-2024,https://api.imf.org/external/sdmx/3.0/data/dataflow/IMF.RES/WEO/9.0.0/,https://api.worldbank.org/v2/
SBK,Albania,ALB,ALB,2003,1.59,3118088,3118088,1,0,no,Single-country territory; UN WPP and vanilla are within the ±5% review threshold.,9792397661,15569912281,4993,2836,8532,2836,8532,4993,kept_vanilla,15569912281,9792397661,ALB: UN WPP 2024 Medium exact 2003,ALB: IMF exact 2003,ALB: IMF exact 2003,complete_primary,https://www.un.org/development/desa/pd/world-population-prospects-2024,https://api.imf.org/external/sdmx/3.0/data/dataflow/IMF.RES/WEO/9.0.0/,https://api.worldbank.org/v2/
SBK,Albania,ALB,ALB,2022,1,2864358,2827608,0.987169899851904,-1.2830100148096046,no,Single-country territory; UN WPP and vanilla are within the ±5% review threshold.,43847760000,43847760000,15308,6786,18260,6786,18260,15308,kept_vanilla,43285188848,43285188848,ALB: UN WPP 2024 Medium exact 2022,ALB: IMF exact 2022,ALB: IMF exact 2022,complete_primary,https://www.un.org/development/desa/pd/world-population-prospects-2024,https://api.imf.org/external/sdmx/3.0/data/dataflow/IMF.RES/WEO/9.0.0/,https://api.worldbank.org/v2/
SBK,Albania,ALB,ALB,2026,0.87,2751025,2751025,1,0,no,Single-country territory; UN WPP and vanilla are within the ±5% review threshold.,55510400000,48294048000,17555,10542,21304,10542,21304,17555,kept_vanilla,48294048000,55510400000,ALB: UN WPP 2024 Medium exact 2026,ALB: IMF exact 2026,ALB: IMF exact 2026,complete_primary,https://www.un.org/development/desa/pd/world-population-prospects-2024,https://api.imf.org/external/sdmx/3.0/data/dataflow/IMF.RES/WEO/9.0.0/,https://api.worldbank.org/v2/
DZA,Algeria,DZA,DZA,2003,1.59,32175818,32175818,1,0,no,Single-country territory; UN WPP and vanilla are within the ±5% review threshold.,162825146199,258891982456,8046,3631,13745,3631,13745,8046,kept_vanilla,258891982456,162825146199,DZA: UN WPP 2024 Medium exact 2003,DZA: IMF exact 2003,DZA: IMF exact 2003,complete_primary,https://www.un.org/development/desa/pd/world-population-prospects-2024,https://api.imf.org/external/sdmx/3.0/data/dataflow/IMF.RES/WEO/9.0.0/,https://api.worldbank.org/v2/
DZA,Algeria,DZA,DZA,2022,1,45578284,45477389,0.9977863361420101,-0.22136638579899337,no,Single-country territory; UN WPP and vanilla are within the ±5% review threshold.,515834000000,515834000000,11318,4963,15834,4963,15834,11318,kept_vanilla,514692116917,514692116917,DZA: UN WPP 2024 Medium exact 2022,DZA: IMF exact 2022,DZA: IMF exact 2022,complete_primary,https://www.un.org/development/desa/pd/world-population-prospects-2024,https://api.imf.org/external/sdmx/3.0/data/dataflow/IMF.RES/WEO/9.0.0/,https://api.worldbank.org/v2/
DZA,Algeria,DZA,DZA,2026,0.87,48028334,48028334,1,0,no,Single-country territory; UN WPP and vanilla are within the ±5% review threshold.,770293920000,670155710400,13953,5745,17055,5745,17055,13953,kept_vanilla,670155710400,770293920000,DZA: UN WPP 2024 Medium exact 2026,DZA: IMF exact 2026,DZA: IMF exact 2026,complete_primary,https://www.un.org/development/desa/pd/world-population-prospects-2024,https://api.imf.org/external/sdmx/3.0/data/dataflow/IMF.RES/WEO/9.0.0/,https://api.worldbank.org/v2/
AGO,Angola,AGO,AGO,2003,1.59,17943712,17943712,1,0,no,Single-country territory; UN WPP and vanilla are within the ±5% review threshold.,46713450292,74274385964,4139,1803,7183,1803,7183,4139,kept_vanilla,74274385964,46713450292,AGO: UN WPP 2024 Medium exact 2003,AGO: IMF exact 2003,AGO: IMF exact 2003,complete_primary,https://www.un.org/development/desa/pd/world-population-prospects-2024,https://api.imf.org/external/sdmx/3.0/data/dataflow/IMF.RES/WEO/9.0.0/,https://api.worldbank.org/v2/
AGO,Angola,AGO,AGO,2022,1,35373918,35635029,1.0073814554554008,0.7381455455400809,no,Single-country territory; UN WPP and vanilla are within the ±5% review threshold.,213211680000,213211680000,6027,3905,9433,3905,9433,6027,kept_vanilla,214785492518,214785492518,AGO: UN WPP 2024 Medium exact 2022,AGO: IMF exact 2022,AGO: IMF exact 2022,complete_primary,https://www.un.org/development/desa/pd/world-population-prospects-2024,https://api.imf.org/external/sdmx/3.0/data/dataflow/IMF.RES/WEO/9.0.0/,https://api.worldbank.org/v2/
AGO,Angola,AGO,AGO,2026,0.87,40215180,40215179,0.9999999751337679,-0.0000024866232073428307,no,Single-country territory; UN WPP and vanilla are within the ±5% review threshold.,353896400000,307889868000,7656,3296,9172,3296,9172,7656,kept_vanilla,307889860344,353896391200,AGO: UN WPP 2024 Medium exact 2026,AGO: IMF exact 2026,AGO: IMF exact 2026,complete_primary,https://www.un.org/development/desa/pd/world-population-prospects-2024,https://api.imf.org/external/sdmx/3.0/data/dataflow/IMF.RES/WEO/9.0.0/,https://api.worldbank.org/v2/
ARG,Argentina,ARG,ARG,2003,1.59,38424280,38424282,1.0000000520504222,0.000005205042219458278,no,Single-country territory; UN WPP and vanilla are within the ±5% review threshold.,285999415205,454739070176,11835,5894,20237,5894,20237,11835,kept_vanilla,454739093845,285999430091,ARG: UN WPP 2024 Medium exact 2003,ARG: IMF exact 2003,ARG: IMF exact 2003,complete_primary,https://www.un.org/development/desa/pd/world-population-prospects-2024,https://api.imf.org/external/sdmx/3.0/data/dataflow/IMF.RES/WEO/9.0.0/,https://api.worldbank.org/v2/
ARG,Argentina,ARG,ARG,2022,1,46135796,45407904,0.984222836428356,-1.5777163571644048,no,Single-country territory; UN WPP and vanilla are within the ±5% review threshold.,1052111280000,1052111280000,22805,13952,29804,13952,29804,22805,kept_vanilla,1035511948240,1035511948240,ARG: UN WPP 2024 Medium exact 2022,ARG: IMF exact 2022,ARG: IMF exact 2022,complete_primary,https://www.un.org/development/desa/pd/world-population-prospects-2024,https://api.imf.org/external/sdmx/3.0/data/dataflow/IMF.RES/WEO/9.0.0/,https://api.worldbank.org/v2/
ARG,Argentina,ARG,ARG,2026,0.87,46003732,46003734,1.0000000434747338,0.0000043474733812942645,no,Single-country territory; UN WPP and vanilla are within the ±5% review threshold.,1311344320000,1140869558400,24800,13018,30094,13018,30094,24800,kept_vanilla,1140869607999,1311344377010,ARG: UN WPP 2024 Medium exact 2026,ARG: IMF exact 2026,ARG: IMF exact 2026,complete_primary,https://www.un.org/development/desa/pd/world-population-prospects-2024,https://api.imf.org/external/sdmx/3.0/data/dataflow/IMF.RES/WEO/9.0.0/,https://api.worldbank.org/v2/
ARM,Armenia,ARM,ARM,2003,1.59,3038968,3038968,1,0,no,Single-country territory; UN WPP and vanilla are within the ±5% review threshold.,7950877193,12641894737,4160,1469,7140,1469,7140,4160,kept_vanilla,12641894737,7950877193,ARM: UN WPP 2024 Medium exact 2003,ARM: IMF exact 2003,ARM: IMF exact 2003,complete_primary,https://www.un.org/development/desa/pd/world-population-prospects-2024,https://api.imf.org/external/sdmx/3.0/data/dataflow/IMF.RES/WEO/9.0.0/,https://api.worldbank.org/v2/
ARM,Armenia,ARM,ARM,2022,1,2973185,2880874,0.9689521506398021,-3.1047849360197888,no,Single-country territory; UN WPP and vanilla are within the ±5% review threshold.,41240320000,41240320000,13871,6774,19740,6774,19740,13871,kept_vanilla,39959896757,39959896757,ARM: UN WPP 2024 Medium exact 2022,ARM: IMF exact 2022,ARM: IMF exact 2022,complete_primary,https://www.un.org/development/desa/pd/world-population-prospects-2024,https://api.imf.org/external/sdmx/3.0/data/dataflow/IMF.RES/WEO/9.0.0/,https://api.worldbank.org/v2/
ARM,Armenia,ARM,ARM,2026,0.87,2930915,2930915,1,0,no,Single-country territory; UN WPP and vanilla are within the ±5% review threshold.,65378720000,56879486400,19407,9461,24561,9461,24561,19407,kept_vanilla,56879486400,65378720000,ARM: UN WPP 2024 Medium exact 2026,ARM: IMF exact 2026,ARM: IMF exact 2026,complete_primary,https://www.un.org/development/desa/pd/world-population-prospects-2024,https://api.imf.org/external/sdmx/3.0/data/dataflow/IMF.RES/WEO/9.0.0/,https://api.worldbank.org/v2/
AUS,Australia,AUS,AUS,2003,1.59,19819451,19819454,1.0000001513664531,0.000015136645314939301,no,Single-country territory; UN WPP and vanilla are within the ±5% review threshold.,370715789474,589438105264,29740,43483,50953,43483,50953,43483,clamped_to_nominal,861818869140,542024446000,AUS: UN WPP 2024 Medium exact 2003,AUS: IMF exact 2003,AUS: IMF exact 2003,complete_primary,https://www.un.org/development/desa/pd/world-population-prospects-2024,https://api.imf.org/external/sdmx/3.0/data/dataflow/IMF.RES/WEO/9.0.0/,https://api.worldbank.org/v2/
AUS,Australia,AUS,AUS,2022,1,26155303,26200984,1.001746529183776,0.17465291837759356,no,Single-country territory; UN WPP and vanilla are within the ±5% review threshold.,1412572480000,1412572480000,54007,66075,66405,66075,66405,66075,clamped_to_nominal,1731233002000,1731233002000,AUS: UN WPP 2024 Medium exact 2022,AUS: IMF exact 2022,AUS: IMF exact 2022,complete_primary,https://www.un.org/development/desa/pd/world-population-prospects-2024,https://api.imf.org/external/sdmx/3.0/data/dataflow/IMF.RES/WEO/9.0.0/,https://api.worldbank.org/v2/
AUS,Australia,AUS,AUS,2026,0.87,27227093,27227096,1.0000001101843667,0.000011018436674170573,no,Single-country territory; UN WPP and vanilla are within the ±5% review threshold.,1743871360000,1517168083200,55723,67868,67067,67067,67868,67067,clamped_to_ppp,1826032796640,2098888272000,AUS: UN WPP 2024 Medium exact 2026,AUS: IMF exact 2026,AUS: IMF exact 2026,complete_primary,https://www.un.org/development/desa/pd/world-population-prospects-2024,https://api.imf.org/external/sdmx/3.0/data/dataflow/IMF.RES/WEO/9.0.0/,https://api.worldbank.org/v2/
ALP,Austria,AUT+LIE,AUT+LIE,2003,1.59,8122602,8156662,1.00419323758569,0.4193237585689902,no,Aggregated all explicit game ISO components; reviewed as a composite game country rather than comparing it with only the first sovereign state.,174208771930,276991947369,34101,51472,58275,51472,58275,51472,clamped_to_nominal,419838421980,264049322000,AUT: UN WPP 2024 Medium exact 2003; LIE: UN WPP 2024 Medium exact 2003,AUT: IMF exact 2003; LIE: IMF exact 2003,AUT: IMF exact 2003; LIE: IMF exact 2003,complete_primary,https://www.un.org/development/desa/pd/world-population-prospects-2024,https://api.imf.org/external/sdmx/3.0/data/dataflow/IMF.RES/WEO/9.0.0/,https://api.worldbank.org/v2/
ALP,Austria,AUT+LIE,AUT+LIE,2022,1,9072935,9103994,1.0034232582951383,0.3423258295138343,no,Aggregated all explicit game ISO components; reviewed as a composite game country rather than comparing it with only the first sovereign state.,512271760000,512271760000,56462,52836,71334,52836,71334,56462,kept_vanilla,514025398552,514025398552,AUT: UN WPP 2024 Medium exact 2022; LIE: UN WPP 2024 Medium exact 2022,AUT: IMF exact 2022; LIE: IMF exact 2022,AUT: IMF exact 2022; LIE: IMF exact 2022,complete_primary,https://www.un.org/development/desa/pd/world-population-prospects-2024,https://api.imf.org/external/sdmx/3.0/data/dataflow/IMF.RES/WEO/9.0.0/,https://api.worldbank.org/v2/
ALP,Austria,AUT+LIE,AUT+LIE,2026,0.87,9107266,9147634,1.0044325047714648,0.443250477146484,no,Aggregated all explicit game ISO components; reviewed as a composite game country rather than comparing it with only the first sovereign state.,528807558400,460062575808,50516,60218,69349,60218,69349,60218,clamped_to_nominal,550849659360,633160528000,AUT: UN WPP 2024 Medium exact 2026; LIE: UN WPP 2024 Medium exact 2026,AUT: IMF exact 2026; LIE: IMF exact 2026,AUT: IMF exact 2026; LIE: IMF exact 2026,complete_primary,https://www.un.org/development/desa/pd/world-population-prospects-2024,https://api.imf.org/external/sdmx/3.0/data/dataflow/IMF.RES/WEO/9.0.0/,https://api.worldbank.org/v2/
AZE,Azerbaijan,AZE,AZE,2003,1.59,8400530,8400530,1,0,no,Single-country territory; UN WPP and vanilla are within the ±5% review threshold.,19721637427,31357403509,3733,1377,6383,1377,6383,3733,kept_vanilla,31357403509,19721637427,AZE: UN WPP 2024 Medium exact 2003,AZE: IMF exact 2003,AZE: IMF exact 2003,complete_primary,https://www.un.org/development/desa/pd/world-population-prospects-2024,https://api.imf.org/external/sdmx/3.0/data/dataflow/IMF.RES/WEO/9.0.0/,https://api.worldbank.org/v2/
AZE,Azerbaijan,AZE,AZE,2022,1,10323606,10295304,0.9972585160650261,-0.2741483934973865,no,Single-country territory; UN WPP and vanilla are within the ±5% review threshold.,154579040000,154579040000,14973,7655,22212,7655,22212,14973,kept_vanilla,154155264045,154155264045,AZE: UN WPP 2024 Medium exact 2022,AZE: IMF exact 2022,AZE: IMF exact 2022,complete_primary,https://www.un.org/development/desa/pd/world-population-prospects-2024,https://api.imf.org/external/sdmx/3.0/data/dataflow/IMF.RES/WEO/9.0.0/,https://api.worldbank.org/v2/
AZE,Azerbaijan,AZE,AZE,2026,0.87,10454855,10454855,1,0,no,Single-country territory; UN WPP and vanilla are within the ±5% review threshold.,239448000000,208319760000,19926,6522,23408,6522,23408,19926,kept_vanilla,208319760000,239448000000,AZE: UN WPP 2024 Medium exact 2026,AZE: IMF exact 2026,AZE: IMF exact 2026,complete_primary,https://www.un.org/development/desa/pd/world-population-prospects-2024,https://api.imf.org/external/sdmx/3.0/data/dataflow/IMF.RES/WEO/9.0.0/,https://api.worldbank.org/v2/
BAH,Bahamas,BHS,BHS,2003,1.59,335618,335618,1,0,no,Single-country territory; UN WPP and vanilla are within the ±5% review threshold.,5448538012,8663175439,25813,42022,44084,42022,44084,42022,clamped_to_nominal,14103438330,8870087000,BHS: UN WPP 2024 Medium exact 2003,BHS: IMF exact 2003,BHS: IMF exact 2003,complete_primary,https://www.un.org/development/desa/pd/world-population-prospects-2024,https://api.imf.org/external/sdmx/3.0/data/dataflow/IMF.RES/WEO/9.0.0/,https://api.worldbank.org/v2/
BAH,Bahamas,BHS,BHS,2022,1,401623,397538,0.9898287697666718,-1.0171230233328221,no,Single-country territory; UN WPP and vanilla are within the ±5% review threshold.,13951520000,13951520000,34738,34957,36785,34957,36785,34957,clamped_to_nominal,13896810000,13896810000,BHS: UN WPP 2024 Medium exact 2022,BHS: IMF exact 2022,BHS: IMF exact 2022,complete_primary,https://www.un.org/development/desa/pd/world-population-prospects-2024,https://api.imf.org/external/sdmx/3.0/data/dataflow/IMF.RES/WEO/9.0.0/,https://api.worldbank.org/v2/
BAH,Bahamas,BHS,BHS,2026,0.87,404629,404628,0.9999975286002734,-0.0002471399726644563,no,Single-country territory; UN WPP and vanilla are within the ±5% review threshold.,14099360000,12266443200,30315,36643,39523,36643,39523,36643,clamped_to_nominal,14826946290,17042467000,BHS: UN WPP 2024 Medium exact 2026,BHS: IMF exact 2026,BHS: IMF exact 2026,complete_primary,https://www.un.org/development/desa/pd/world-population-prospects-2024,https://api.imf.org/external/sdmx/3.0/data/dataflow/IMF.RES/WEO/9.0.0/,https://api.worldbank.org/v2/
BGD,Bangladesh,BGD,BGD,2003,1.59,140970351,140970351,1,0,no,Single-country territory; UN WPP and vanilla are within the ±5% review threshold.,152713450292,242814385964,1722,809,2945,809,2945,1722,kept_vanilla,242814385964,152713450292,BGD: UN WPP 2024 Medium exact 2003,BGD: IMF exact 2003,BGD: IMF exact 2003,complete_primary,https://www.un.org/development/desa/pd/world-population-prospects-2024,https://api.imf.org/external/sdmx/3.0/data/dataflow/IMF.RES/WEO/9.0.0/,https://api.worldbank.org/v2/
BGD,Bangladesh,BGD,BGD,2022,1,168375408,169384897,1.0059954657986634,0.5995465798663391,no,Single-country territory; UN WPP and vanilla are within the ±5% review threshold.,979968000000,979968000000,5820,2717,8449,2717,8449,5820,kept_vanilla,985843364628,985843364628,BGD: UN WPP 2024 Medium exact 2022,BGD: IMF exact 2022,BGD: IMF exact 2022,complete_primary,https://www.un.org/development/desa/pd/world-population-prospects-2024,https://api.imf.org/external/sdmx/3.0/data/dataflow/IMF.RES/WEO/9.0.0/,https://api.worldbank.org/v2/
BGD,Bangladesh,BGD,BGD,2026,0.87,177818045,177818044,0.9999999943762737,-5.623726262449225e-7,no,Single-country territory; UN WPP and vanilla are within the ±5% review threshold.,1568252400000,1364379588000,7673,2499,9402,2499,9402,7673,kept_vanilla,1364379580327,1568252391181,BGD: UN WPP 2024 Medium exact 2026,BGD: IMF exact 2026,BGD: IMF exact 2026,complete_primary,https://www.un.org/development/desa/pd/world-population-prospects-2024,https://api.imf.org/external/sdmx/3.0/data/dataflow/IMF.RES/WEO/9.0.0/,https://api.worldbank.org/v2/
BLR,Belarus,BLR,BLR,2003,1.59,9803176,9803176,1,0,no,Single-country territory; UN WPP and vanilla are within the ±5% review threshold.,42814619883,68075245614,6944,2988,11786,2988,11786,6944,kept_vanilla,68075245614,42814619883,BLR: UN WPP 2024 Medium exact 2003,BLR: IMF exact 2003,BLR: IMF exact 2003,complete_primary,https://www.un.org/development/desa/pd/world-population-prospects-2024,https://api.imf.org/external/sdmx/3.0/data/dataflow/IMF.RES/WEO/9.0.0/,https://api.worldbank.org/v2/
BLR,Belarus,BLR,BLR,2022,1,9429534,9173237,0.972819759703926,-2.718024029607402,no,Single-country territory; UN WPP and vanilla are within the ±5% review threshold.,177539120000,177539120000,18828,8038,28038,8038,28038,18828,kept_vanilla,172713564056,172713564056,BLR: UN WPP 2024 Medium exact 2022,BLR: IMF exact 2022,BLR: IMF exact 2022,complete_primary,https://www.un.org/development/desa/pd/world-population-prospects-2024,https://api.imf.org/external/sdmx/3.0/data/dataflow/IMF.RES/WEO/9.0.0/,https://api.worldbank.org/v2/
BLR,Belarus,BLR,BLR,2026,0.87,8937018,8937018,1,0,no,Single-country territory; UN WPP and vanilla are within the ±5% review threshold.,274376080000,238707189600,26710,9934,31348,9934,31348,26710,kept_vanilla,238707189600,274376080000,BLR: UN WPP 2024 Medium exact 2026,BLR: IMF exact 2026,BLR: IMF exact 2026,complete_primary,https://www.un.org/development/desa/pd/world-population-prospects-2024,https://api.imf.org/external/sdmx/3.0/data/dataflow/IMF.RES/WEO/9.0.0/,https://api.worldbank.org/v2/
BGM,Belgium,BEL+LUX,BEL+LUX,2003,1.59,10376260,10828098,1.0435453622017952,4.354536220179517,no,Aggregated all explicit game ISO components; reviewed as a composite game country rather than comparing it with only the first sovereign state.,206349122807,328095105263,31620,51051,57524,51051,57524,51051,clamped_to_nominal,552785189190,347663641000,BEL: UN WPP 2024 Medium exact 2003; LUX: UN WPP 2024 Medium exact 2003,BEL: IMF exact 2003; LUX: IMF exact 2003,BEL: IMF exact 2003; LUX: IMF exact 2003,complete_primary,https://www.un.org/development/desa/pd/world-population-prospects-2024,https://api.imf.org/external/sdmx/3.0/data/dataflow/IMF.RES/WEO/9.0.0/,https://api.worldbank.org/v2/
BGM,Belgium,BEL+LUX,BEL+LUX,2022,1,11678732,12295133,1.0527797880797334,5.277978807973338,yes — reviewed,Aggregated all explicit game ISO components; reviewed as a composite game country rather than comparing it with only the first sovereign state.,629779040000,629779040000,53925,54690,72606,54690,72606,54690,clamped_to_nominal,672415940000,672415940000,BEL: UN WPP 2024 Medium exact 2022; LUX: UN WPP 2024 Medium exact 2022,BEL: IMF exact 2022; LUX: IMF exact 2022,BEL: IMF exact 2022; LUX: IMF exact 2022,complete_primary,https://www.un.org/development/desa/pd/world-population-prospects-2024,https://api.imf.org/external/sdmx/3.0/data/dataflow/IMF.RES/WEO/9.0.0/,https://api.worldbank.org/v2/
BGM,Belgium,BEL+LUX,BEL+LUX,2026,0.87,11774643,12462090,1.0583836809319824,5.838368093198243,yes — reviewed,Aggregated all explicit game ISO components; reviewed as a composite game country rather than comparing it with only the first sovereign state.,791220320000,688361678400,58461,61933,73074,61933,73074,61933,clamped_to_nominal,771818090970,887147231000,BEL: UN WPP 2024 Medium exact 2026; LUX: UN WPP 2024 Medium exact 2026,BEL: IMF exact 2026; LUX: IMF exact 2026,BEL: IMF exact 2026; LUX: IMF exact 2026,complete_primary,https://www.un.org/development/desa/pd/world-population-prospects-2024,https://api.imf.org/external/sdmx/3.0/data/dataflow/IMF.RES/WEO/9.0.0/,https://api.worldbank.org/v2/
BEL,Belize,BLZ,BLZ,2003,1.59,263780,263780,1,0,no,Single-country territory; UN WPP and vanilla are within the ±5% review threshold.,1176023392,1869877193,7089,7886,12149,7886,12149,7886,clamped_to_nominal,2080165200,1308280000,BLZ: UN WPP 2024 Medium exact 2003,BLZ: IMF exact 2003,BLZ: IMF exact 2003,complete_primary,https://www.un.org/development/desa/pd/world-population-prospects-2024,https://api.imf.org/external/sdmx/3.0/data/dataflow/IMF.RES/WEO/9.0.0/,https://api.worldbank.org/v2/
BEL,Belize,BLZ,BLZ,2022,1,414463,402733,0.97169831806458,-2.830168193542004,no,Single-country territory; UN WPP and vanilla are within the ±5% review threshold.,2770240000,2770240000,6684,7068,13459,7068,13459,7068,clamped_to_nominal,2846604000,2846604000,BLZ: UN WPP 2024 Medium exact 2022,BLZ: IMF exact 2022,BLZ: IMF exact 2022,complete_primary,https://www.un.org/development/desa/pd/world-population-prospects-2024,https://api.imf.org/external/sdmx/3.0/data/dataflow/IMF.RES/WEO/9.0.0/,https://api.worldbank.org/v2/
BEL,Belize,BLZ,BLZ,2026,0.87,428645,428644,0.9999976670671534,-0.0002332932846571545,no,Single-country territory; UN WPP and vanilla are within the ±5% review threshold.,5871360000,5108083200,11917,7002,13509,7002,13509,11917,kept_vanilla,5108071283,5871346303,BLZ: UN WPP 2024 Medium exact 2026,BLZ: IMF exact 2026,BLZ: IMF exact 2026,complete_primary,https://www.un.org/development/desa/pd/world-population-prospects-2024,https://api.imf.org/external/sdmx/3.0/data/dataflow/IMF.RES/WEO/9.0.0/,https://api.worldbank.org/v2/
BEN,Benin,BEN,BEN,2003,1.59,7913070,7913070,1,0,no,Single-country territory; UN WPP and vanilla are within the ±5% review threshold.,8922222222,14186333333,1793,1075,3084,1075,3084,1793,kept_vanilla,14186333333,8922222222,BEN: UN WPP 2024 Medium exact 2003,BEN: IMF exact 2003,BEN: IMF exact 2003,complete_primary,https://www.un.org/development/desa/pd/world-population-prospects-2024,https://api.imf.org/external/sdmx/3.0/data/dataflow/IMF.RES/WEO/9.0.0/,https://api.worldbank.org/v2/
BEN,Benin,BEN,BEN,2022,1,12890081,13759501,1.0674487615710095,6.744876157100954,yes — reviewed,"Single-country game territory and UN country/area boundary align. The difference is an updated historical estimate/projection vintage, not a geographic-scope mismatch; accept the UN WPP value for a consistent source vintage.",46735040000,46735040000,3626,1267,3844,1267,3844,3626,kept_vanilla,49887260570,49887260570,BEN: UN WPP 2024 Medium exact 2022,BEN: IMF exact 2022,BEN: IMF exact 2022,complete_primary,https://www.un.org/development/desa/pd/world-population-prospects-2024,https://api.imf.org/external/sdmx/3.0/data/dataflow/IMF.RES/WEO/9.0.0/,https://api.worldbank.org/v2/
BEN,Benin,BEN,BEN,2026,0.87,15170420,15170419,0.9999999340822469,-0.00000659177531447952,no,Single-country territory; UN WPP and vanilla are within the ±5% review threshold.,61167920000,53216090400,3508,1593,4481,1593,4481,3508,kept_vanilla,53216086892,61167915968,BEN: UN WPP 2024 Medium exact 2026,BEN: IMF exact 2026,BEN: IMF exact 2026,complete_primary,https://www.un.org/development/desa/pd/world-population-prospects-2024,https://api.imf.org/external/sdmx/3.0/data/dataflow/IMF.RES/WEO/9.0.0/,https://api.worldbank.org/v2/
BHU,Bhutan,BTN,BTN,2003,1.59,637663,637663,1,0,no,Single-country territory; UN WPP and vanilla are within the ±5% review threshold.,1473099415,2342228070,3673,1536,6282,1536,6282,3673,kept_vanilla,2342228070,1473099415,BTN: UN WPP 2024 Medium exact 2003,BTN: IMF exact 2003,BTN: IMF exact 2003,complete_primary,https://www.un.org/development/desa/pd/world-population-prospects-2024,https://api.imf.org/external/sdmx/3.0/data/dataflow/IMF.RES/WEO/9.0.0/,https://api.worldbank.org/v2/
BHU,Bhutan,BTN,BTN,2022,1,790424,780914,0.9879684827383783,-1.203151726162166,no,Single-country territory; UN WPP and vanilla are within the ±5% review threshold.,8670640000,8670640000,10970,3670,14179,3670,14179,10970,kept_vanilla,8566319045,8566319045,BTN: UN WPP 2024 Medium exact 2022,BTN: IMF exact 2022,BTN: IMF exact 2022,complete_primary,https://www.un.org/development/desa/pd/world-population-prospects-2024,https://api.imf.org/external/sdmx/3.0/data/dataflow/IMF.RES/WEO/9.0.0/,https://api.worldbank.org/v2/
BHU,Bhutan,BTN,BTN,2026,0.87,802214,802214,1,0,no,Single-country territory; UN WPP and vanilla are within the ±5% review threshold.,12413280000,10799553600,13462,4182,17301,4182,17301,13462,kept_vanilla,10799553600,12413280000,BTN: UN WPP 2024 Medium exact 2026,BTN: IMF exact 2026,BTN: IMF exact 2026,complete_primary,https://www.un.org/development/desa/pd/world-population-prospects-2024,https://api.imf.org/external/sdmx/3.0/data/dataflow/IMF.RES/WEO/9.0.0/,https://api.worldbank.org/v2/
BOL,Bolivia,BOL,BOL,2003,1.59,9050700,9050700,1,0,no,Single-country territory; UN WPP and vanilla are within the ±5% review threshold.,22501754386,35777789474,3953,1591,8121,1591,8121,3953,kept_vanilla,35777789474,22501754386,BOL: UN WPP 2024 Medium exact 2003,BOL: IMF exact 2003,BOL: IMF exact 2003,complete_primary,https://www.un.org/development/desa/pd/world-population-prospects-2024,https://api.imf.org/external/sdmx/3.0/data/dataflow/IMF.RES/WEO/9.0.0/,https://api.worldbank.org/v2/
BOL,Bolivia,BOL,BOL,2022,1,12042349,12077154,1.0028902168505496,0.2890216850549576,no,Single-country territory; UN WPP and vanilla are within the ±5% review threshold.,103731760000,103731760000,8614,4250,12305,4250,12305,8614,kept_vanilla,104031567281,104031567281,BOL: UN WPP 2024 Medium exact 2022,BOL: IMF exact 2022,BOL: IMF exact 2022,complete_primary,https://www.un.org/development/desa/pd/world-population-prospects-2024,https://api.imf.org/external/sdmx/3.0/data/dataflow/IMF.RES/WEO/9.0.0/,https://api.worldbank.org/v2/
BOL,Bolivia,BOL,BOL,2026,0.87,12749291,12749291,1,0,no,Single-country territory; UN WPP and vanilla are within the ±5% review threshold.,126806240000,110321428800,8653,5510,11042,5510,11042,8653,kept_vanilla,110321428800,126806240000,BOL: UN WPP 2024 Medium exact 2026,BOL: IMF exact 2026,BOL: IMF exact 2026,complete_primary,https://www.un.org/development/desa/pd/world-population-prospects-2024,https://api.imf.org/external/sdmx/3.0/data/dataflow/IMF.RES/WEO/9.0.0/,https://api.worldbank.org/v2/
BSM,Bosnia and Herzegovina,BIH,BIH,2003,1.59,4178523,4178523,1,0,no,Single-country territory; UN WPP and vanilla are within the ±5% review threshold.,13933918129,22154929825,5302,3234,9343,3234,9343,5302,kept_vanilla,22154929825,13933918129,BIH: UN WPP 2024 Medium exact 2003,BIH: IMF exact 2003,BIH: IMF exact 2003,complete_primary,https://www.un.org/development/desa/pd/world-population-prospects-2024,https://api.imf.org/external/sdmx/3.0/data/dataflow/IMF.RES/WEO/9.0.0/,https://api.worldbank.org/v2/
BSM,Bosnia and Herzegovina,BIH,BIH,2022,1,3245671,3204802,0.9874081507337004,-1.2591849266299637,no,Single-country territory; UN WPP and vanilla are within the ±5% review threshold.,53397520000,53397520000,16452,7670,20963,7670,20963,16452,kept_vanilla,52725146477,52725146477,BIH: UN WPP 2024 Medium exact 2022,BIH: IMF exact 2022,BIH: IMF exact 2022,complete_primary,https://www.un.org/development/desa/pd/world-population-prospects-2024,https://api.imf.org/external/sdmx/3.0/data/dataflow/IMF.RES/WEO/9.0.0/,https://api.worldbank.org/v2/
BSM,Bosnia and Herzegovina,BIH,BIH,2026,0.87,3114242,3114242,1,0,no,Single-country territory; UN WPP and vanilla are within the ±5% review threshold.,69216400000,60218268000,19336,10272,23157,10272,23157,19336,kept_vanilla,60218268000,69216400000,BIH: UN WPP 2024 Medium exact 2026,BIH: IMF exact 2026,BIH: IMF exact 2026,complete_primary,https://www.un.org/development/desa/pd/world-population-prospects-2024,https://api.imf.org/external/sdmx/3.0/data/dataflow/IMF.RES/WEO/9.0.0/,https://api.worldbank.org/v2/
BWA,Botswana,BWA,BWA,2003,1.59,1775736,1775736,1,0,no,Single-country territory; UN WPP and vanilla are within the ±5% review threshold.,10337426901,16436508773,9256,6688,15828,6688,15828,9256,kept_vanilla,16436508773,10337426901,BWA: UN WPP 2024 Medium exact 2003,BWA: IMF exact 2003,BWA: IMF exact 2003,complete_primary,https://www.un.org/development/desa/pd/world-population-prospects-2024,https://api.imf.org/external/sdmx/3.0/data/dataflow/IMF.RES/WEO/9.0.0/,https://api.worldbank.org/v2/
BWA,Botswana,BWA,BWA,2022,1,2454875,2439892,0.9938966342481796,-0.6103365751820355,no,Single-country territory; UN WPP and vanilla are within the ±5% review threshold.,41590560000,41590560000,16942,8329,19974,8329,19974,16942,kept_vanilla,41336717600,41336717600,BWA: UN WPP 2024 Medium exact 2022,BWA: IMF exact 2022,BWA: IMF exact 2022,complete_primary,https://www.un.org/development/desa/pd/world-population-prospects-2024,https://api.imf.org/external/sdmx/3.0/data/dataflow/IMF.RES/WEO/9.0.0/,https://api.worldbank.org/v2/
BWA,Botswana,BWA,BWA,2026,0.87,2603388,2603388,1,0,no,Single-country territory; UN WPP and vanilla are within the ±5% review threshold.,46605680000,40546941600,15575,7331,19031,7331,19031,15575,kept_vanilla,40546941600,46605680000,BWA: UN WPP 2024 Medium exact 2026,BWA: IMF exact 2026,BWA: IMF exact 2026,complete_primary,https://www.un.org/development/desa/pd/world-population-prospects-2024,https://api.imf.org/external/sdmx/3.0/data/dataflow/IMF.RES/WEO/9.0.0/,https://api.worldbank.org/v2/
BRA,Brazil,BRA,BRA,2003,1.59,180622688,180622688,1,0,no,Single-country territory; UN WPP and vanilla are within the ±5% review threshold.,952711695906,1514811596491,8387,4914,14341,4914,14341,8387,kept_vanilla,1514811596491,952711695906,BRA: UN WPP 2024 Medium exact 2003,BRA: IMF exact 2003,BRA: IMF exact 2003,complete_primary,https://www.un.org/development/desa/pd/world-population-prospects-2024,https://api.imf.org/external/sdmx/3.0/data/dataflow/IMF.RES/WEO/9.0.0/,https://api.worldbank.org/v2/
BRA,Brazil,BRA,BRA,2022,1,215777182,210306415,0.9746462209335925,-2.5353779066407456,no,Single-country territory; UN WPP and vanilla are within the ±5% review threshold.,3239228960000,3239228960000,15012,9281,19874,9281,19874,15012,kept_vanilla,3157102264603,3157102264603,BRA: UN WPP 2024 Medium exact 2022,BRA: IMF exact 2022,BRA: IMF exact 2022,complete_primary,https://www.un.org/development/desa/pd/world-population-prospects-2024,https://api.imf.org/external/sdmx/3.0/data/dataflow/IMF.RES/WEO/9.0.0/,https://api.worldbank.org/v2/
BRA,Brazil,BRA,BRA,2026,0.87,213562666,213562666,1,0,no,Single-country territory; UN WPP and vanilla are within the ±5% review threshold.,4376578800000,3807623556000,17829,10738,21304,10738,21304,17829,kept_vanilla,3807623556000,4376578800000,BRA: UN WPP 2024 Medium exact 2026,BRA: IMF exact 2026,BRA: IMF exact 2026,complete_primary,https://www.un.org/development/desa/pd/world-population-prospects-2024,https://api.imf.org/external/sdmx/3.0/data/dataflow/IMF.RES/WEO/9.0.0/,https://api.worldbank.org/v2/
BRU,Brunei,BRN,BRN,2003,1.59,346637,346637,1,0,no,Single-country territory; UN WPP and vanilla are within the ±5% review threshold.,11721052632,18636473685,53764,33328,98685,33328,98685,53764,kept_vanilla,18636473685,11721052632,BRN: UN WPP 2024 Medium exact 2003,BRN: IMF exact 2003,BRN: IMF exact 2003,complete_primary,https://www.un.org/development/desa/pd/world-population-prospects-2024,https://api.imf.org/external/sdmx/3.0/data/dataflow/IMF.RES/WEO/9.0.0/,https://api.worldbank.org/v2/
BRU,Brunei,BRN,BRN,2022,1,446604,455370,1.019628126931241,1.9628126931241052,no,Single-country territory; UN WPP and vanilla are within the ±5% review threshold.,33389000000,33389000000,74762,36638,81789,36638,81789,74762,kept_vanilla,34044363530,34044363530,BRN: UN WPP 2024 Medium exact 2022,BRN: IMF exact 2022,BRN: IMF exact 2022,complete_primary,https://www.un.org/development/desa/pd/world-population-prospects-2024,https://api.imf.org/external/sdmx/3.0/data/dataflow/IMF.RES/WEO/9.0.0/,https://api.worldbank.org/v2/
BRU,Brunei,BRN,BRN,2026,0.87,469775,469775,1,0,no,Single-country territory; UN WPP and vanilla are within the ±5% review threshold.,38573040000,33558544800,71435,31229,84217,31229,84217,71435,kept_vanilla,33558544800,38573040000,BRN: UN WPP 2024 Medium exact 2026,BRN: IMF exact 2026,BRN: IMF exact 2026,complete_primary,https://www.un.org/development/desa/pd/world-population-prospects-2024,https://api.imf.org/external/sdmx/3.0/data/dataflow/IMF.RES/WEO/9.0.0/,https://api.worldbank.org/v2/
BUL,Bulgaria,BGR,BGR,2003,1.59,7804409,7804409,1,0,no,Single-country territory; UN WPP and vanilla are within the ±5% review threshold.,44708771930,71086947369,9109,4316,15576,4316,15576,9109,kept_vanilla,71086947369,44708771930,BGR: UN WPP 2024 Medium exact 2003,BGR: IMF exact 2003,BGR: IMF exact 2003,complete_primary,https://www.un.org/development/desa/pd/world-population-prospects-2024,https://api.imf.org/external/sdmx/3.0/data/dataflow/IMF.RES/WEO/9.0.0/,https://api.worldbank.org/v2/
BUL,Bulgaria,BGR,BGR,2022,1,6829004,6825864,0.9995401964913185,-0.04598035086814667,no,Single-country territory; UN WPP and vanilla are within the ±5% review threshold.,195399000000,195399000000,28613,13290,33166,13290,33166,28613,kept_vanilla,195309154854,195309154854,BGR: UN WPP 2024 Medium exact 2022,BGR: IMF exact 2022,BGR: IMF exact 2022,complete_primary,https://www.un.org/development/desa/pd/world-population-prospects-2024,https://api.imf.org/external/sdmx/3.0/data/dataflow/IMF.RES/WEO/9.0.0/,https://api.worldbank.org/v2/
BUL,Bulgaria,BGR,BGR,2026,0.87,6667660,6667659,0.9999998500223467,-0.000014997765329649582,no,Single-country territory; UN WPP and vanilla are within the ±5% review threshold.,232935120000,202653554400,30394,19327,36989,19327,36989,30394,kept_vanilla,202653524006,232935085065,BGR: UN WPP 2024 Medium exact 2026,BGR: IMF exact 2026,BGR: IMF exact 2026,complete_primary,https://www.un.org/development/desa/pd/world-population-prospects-2024,https://api.imf.org/external/sdmx/3.0/data/dataflow/IMF.RES/WEO/9.0.0/,https://api.worldbank.org/v2/
BKF,Burkina Faso,BFA,BFA,2003,1.59,13082532,13082532,1,0,no,Single-country territory; UN WPP and vanilla are within the ±5% review threshold.,8414035088,13378315790,1023,576,1749,576,1749,1023,kept_vanilla,13378315790,8414035088,BFA: UN WPP 2024 Medium exact 2003,BFA: IMF exact 2003,BFA: IMF exact 2003,complete_primary,https://www.un.org/development/desa/pd/world-population-prospects-2024,https://api.imf.org/external/sdmx/3.0/data/dataflow/IMF.RES/WEO/9.0.0/,https://api.worldbank.org/v2/
BKF,Burkina Faso,BFA,BFA,2022,1,22294537,22509038,1.0096212359108423,0.9621235910842296,no,Single-country territory; UN WPP and vanilla are within the ±5% review threshold.,51906800000,51906800000,2328,829,2645,829,2645,2328,kept_vanilla,52406207568,52406207568,BFA: UN WPP 2024 Medium exact 2022,BFA: IMF exact 2022,BFA: IMF exact 2022,complete_primary,https://www.un.org/development/desa/pd/world-population-prospects-2024,https://api.imf.org/external/sdmx/3.0/data/dataflow/IMF.RES/WEO/9.0.0/,https://api.worldbank.org/v2/
BKF,Burkina Faso,BFA,BFA,2026,0.87,24601700,24601700,1,0,no,Single-country territory; UN WPP and vanilla are within the ±5% review threshold.,64081600000,55750992000,2266,1150,2813,1150,2813,2266,kept_vanilla,55750992000,64081600000,BFA: UN WPP 2024 Medium exact 2026,BFA: IMF exact 2026,BFA: IMF exact 2026,complete_primary,https://www.un.org/development/desa/pd/world-population-prospects-2024,https://api.imf.org/external/sdmx/3.0/data/dataflow/IMF.RES/WEO/9.0.0/,https://api.worldbank.org/v2/
CPV,Cabo Verde,CPV,CPV,2003,1.59,473383,473383,1,0,no,Single-country territory; UN WPP and vanilla are within the ±5% review threshold.,1044444444,1660666666,3508,3711,5997,3711,5997,3711,clamped_to_nominal,1756722630,1104857000,CPV: UN WPP 2024 Medium exact 2003,CPV: IMF exact 2003,CPV: IMF exact 2003,complete_primary,https://www.un.org/development/desa/pd/world-population-prospects-2024,https://api.imf.org/external/sdmx/3.0/data/dataflow/IMF.RES/WEO/9.0.0/,https://api.worldbank.org/v2/
CPV,Cabo Verde,CPV,CPV,2022,1,569457,519741,0.9126957786101497,-8.730422138985027,yes — reviewed,"Single-country game territory and UN country/area boundary align. The difference is an updated historical estimate/projection vintage, not a geographic-scope mismatch; accept the UN WPP value for a consistent source vintage.",3883440000,3883440000,6820,4333,9480,4333,9480,6820,kept_vanilla,3544399294,3544399294,CPV: UN WPP 2024 Medium exact 2022,CPV: IMF exact 2022,CPV: IMF exact 2022,complete_primary,https://www.un.org/development/desa/pd/world-population-prospects-2024,https://api.imf.org/external/sdmx/3.0/data/dataflow/IMF.RES/WEO/9.0.0/,https://api.worldbank.org/v2/
CPV,Cabo Verde,CPV,CPV,2026,0.87,529630,529630,1,0,no,Single-country territory; UN WPP and vanilla are within the ±5% review threshold.,5543120000,4822514400,9105,5664,11306,5664,11306,9105,kept_vanilla,4822514400,5543120000,CPV: UN WPP 2024 Medium exact 2026,CPV: IMF exact 2026,CPV: IMF exact 2026,complete_primary,https://www.un.org/development/desa/pd/world-population-prospects-2024,https://api.imf.org/external/sdmx/3.0/data/dataflow/IMF.RES/WEO/9.0.0/,https://api.worldbank.org/v2/
KHM,Cambodia,KHM,KHM,2003,1.59,13050968,13050968,1,0,no,Single-country territory; UN WPP and vanilla are within the ±5% review threshold.,12172514620,19354298246,1483,618,2484,618,2484,1483,kept_vanilla,19354298246,12172514620,KHM: UN WPP 2024 Medium exact 2003,KHM: IMF exact 2003,KHM: IMF exact 2003,complete_primary,https://www.un.org/development/desa/pd/world-population-prospects-2024,https://api.imf.org/external/sdmx/3.0/data/dataflow/IMF.RES/WEO/9.0.0/,https://api.worldbank.org/v2/
KHM,Cambodia,KHM,KHM,2022,1,17237584,17201724,0.9979196620593698,-0.2080337940630228,no,Single-country territory; UN WPP and vanilla are within the ±5% review threshold.,77313280000,77313280000,4485,2294,6824,2294,6824,4485,kept_vanilla,77152442250,77152442250,KHM: UN WPP 2024 Medium exact 2022,KHM: IMF exact 2022,KHM: IMF exact 2022,complete_primary,https://www.un.org/development/desa/pd/world-population-prospects-2024,https://api.imf.org/external/sdmx/3.0/data/dataflow/IMF.RES/WEO/9.0.0/,https://api.worldbank.org/v2/
KHM,Cambodia,KHM,KHM,2026,0.87,18051220,18051219,0.9999999446020823,-0.0000055397917697597165,no,Single-country territory; UN WPP and vanilla are within the ±5% review threshold.,132041360000,114875983200,6364,2524,7735,2524,7735,6364,kept_vanilla,114875976836,132041352685,KHM: UN WPP 2024 Medium exact 2026,KHM: IMF exact 2026,KHM: IMF exact 2026,complete_primary,https://www.un.org/development/desa/pd/world-population-prospects-2024,https://api.imf.org/external/sdmx/3.0/data/dataflow/IMF.RES/WEO/9.0.0/,https://api.worldbank.org/v2/
CMR,Cameroon,CMR,CMR,2003,1.59,16160340,16160340,1,0,no,Single-country territory; UN WPP and vanilla are within the ±5% review threshold.,23624561404,37563052632,2324,1569,3898,1569,3898,2324,kept_vanilla,37563052632,23624561404,CMR: UN WPP 2024 Medium exact 2003,CMR: IMF exact 2003,CMR: IMF exact 2003,complete_primary,https://www.un.org/development/desa/pd/world-population-prospects-2024,https://api.imf.org/external/sdmx/3.0/data/dataflow/IMF.RES/WEO/9.0.0/,https://api.worldbank.org/v2/
CMR,Cameroon,CMR,CMR,2022,1,28127452,27632771,0.982412875506818,-1.7587124493182005,no,Single-country territory; UN WPP and vanilla are within the ±5% review threshold.,108032320000,108032320000,3841,1608,5188,1608,5188,3841,kept_vanilla,106132342139,106132342139,CMR: UN WPP 2024 Medium exact 2022,CMR: IMF exact 2022,CMR: IMF exact 2022,complete_primary,https://www.un.org/development/desa/pd/world-population-prospects-2024,https://api.imf.org/external/sdmx/3.0/data/dataflow/IMF.RES/WEO/9.0.0/,https://api.worldbank.org/v2/
CMR,Cameroon,CMR,CMR,2026,0.87,30640817,30640817,1,0,no,Single-country territory; UN WPP and vanilla are within the ±5% review threshold.,152217120000,132428894400,4322,1849,5215,1849,5215,4322,kept_vanilla,132428894400,152217120000,CMR: UN WPP 2024 Medium exact 2026,CMR: IMF exact 2026,CMR: IMF exact 2026,complete_primary,https://www.un.org/development/desa/pd/world-population-prospects-2024,https://api.imf.org/external/sdmx/3.0/data/dataflow/IMF.RES/WEO/9.0.0/,https://api.worldbank.org/v2/
CAN,Canada,CAN,CAN,2003,1.59,31836482,31836482,1,0,no,Single-country territory; UN WPP and vanilla are within the ±5% review threshold.,609781871345,969553175439,30454,44729,52077,44729,52077,44729,clamped_to_nominal,1424002150830,895598837000,CAN: UN WPP 2024 Medium exact 2003,CAN: IMF exact 2003,CAN: IMF exact 2003,complete_primary,https://www.un.org/development/desa/pd/world-population-prospects-2024,https://api.imf.org/external/sdmx/3.0/data/dataflow/IMF.RES/WEO/9.0.0/,https://api.worldbank.org/v2/
CAN,Canada,CAN,CAN,2022,1,38939056,38821259,0.9969748367808403,-0.3025163219159688,no,Single-country territory; UN WPP and vanilla are within the ±5% review threshold.,1968496640000,1968496640000,50553,56685,62075,56685,62075,56685,clamped_to_nominal,2200567395000,2200567395000,CAN: UN WPP 2024 Medium exact 2022,CAN: IMF exact 2022,CAN: IMF exact 2022,complete_primary,https://www.un.org/development/desa/pd/world-population-prospects-2024,https://api.imf.org/external/sdmx/3.0/data/dataflow/IMF.RES/WEO/9.0.0/,https://api.worldbank.org/v2/
CAN,Canada,CAN,CAN,2026,0.87,40467728,40467728,1,0,no,Single-country territory; UN WPP and vanilla are within the ±5% review threshold.,2396059600000,2084571852000,51512,53904,62576,53904,62576,53904,clamped_to_nominal,2181386219340,2507340482000,CAN: UN WPP 2024 Medium exact 2026,CAN: IMF exact 2026,CAN: IMF exact 2026,complete_primary,https://www.un.org/development/desa/pd/world-population-prospects-2024,https://api.imf.org/external/sdmx/3.0/data/dataflow/IMF.RES/WEO/9.0.0/,https://api.worldbank.org/v2/
CAF,Central African Republic,CAF,CAF,2003,1.59,4103086,4103086,1.0000000000000002,2.220446049250313e-14,no,Single-country territory; UN WPP and vanilla are within the ±5% review threshold.,1937426901,3080508773,751,461,1362,461,1362,751,kept_vanilla,3080508773,1937426901,CAF: UN WPP 2024 Medium exact 2003,CAF: IMF exact 2003,CAF: IMF exact 2003,complete_primary,https://www.un.org/development/desa/pd/world-population-prospects-2024,https://api.imf.org/external/sdmx/3.0/data/dataflow/IMF.RES/WEO/9.0.0/,https://api.worldbank.org/v2/
CAF,Central African Republic,CAF,CAF,2022,1,5047395,5098039,1.0100336906463632,1.003369064636317,no,Single-country territory; UN WPP and vanilla are within the ±5% review threshold.,4864640000,4864640000,964,503,1315,503,1315,964,kept_vanilla,4913450293,4913450293,CAF: UN WPP 2024 Medium exact 2022,CAF: IMF exact 2022,CAF: IMF exact 2022,complete_primary,https://www.un.org/development/desa/pd/world-population-prospects-2024,https://api.imf.org/external/sdmx/3.0/data/dataflow/IMF.RES/WEO/9.0.0/,https://api.worldbank.org/v2/
CAF,Central African Republic,CAF,CAF,2026,0.87,5698984,5698984,1,0,no,Single-country territory; UN WPP and vanilla are within the ±5% review threshold.,6452160000,5613379200,985,533,1277,533,1277,985,kept_vanilla,5613379200,6452160000,CAF: UN WPP 2024 Medium exact 2026,CAF: IMF exact 2026,CAF: IMF exact 2026,complete_primary,https://www.un.org/development/desa/pd/world-population-prospects-2024,https://api.imf.org/external/sdmx/3.0/data/dataflow/IMF.RES/WEO/9.0.0/,https://api.worldbank.org/v2/
TCD,Chad,TCD,TCD,2003,1.59,9487833,9487833,1,0,no,Single-country territory; UN WPP and vanilla are within the ±5% review threshold.,7223391813,11485192983,1211,674,2085,674,2085,1211,kept_vanilla,11485192983,7223391813,TCD: UN WPP 2024 Medium exact 2003,TCD: IMF exact 2003,TCD: IMF exact 2003,complete_primary,https://www.un.org/development/desa/pd/world-population-prospects-2024,https://api.imf.org/external/sdmx/3.0/data/dataflow/IMF.RES/WEO/9.0.0/,https://api.worldbank.org/v2/
TCD,Chad,TCD,TCD,2022,1,17571864,18455316,1.0502765102211127,5.027651022111268,yes — reviewed,"Single-country game territory and UN country/area boundary align. The difference is an updated historical estimate/projection vintage, not a geographic-scope mismatch; accept the UN WPP value for a consistent source vintage.",26121920000,26121920000,1487,978,2652,978,2652,1487,kept_vanilla,27435238978,27435238978,TCD: UN WPP 2024 Medium exact 2022,TCD: IMF exact 2022,TCD: IMF exact 2022,complete_primary,https://www.un.org/development/desa/pd/world-population-prospects-2024,https://api.imf.org/external/sdmx/3.0/data/dataflow/IMF.RES/WEO/9.0.0/,https://api.worldbank.org/v2/
TCD,Chad,TCD,TCD,2026,0.87,21560380,21560380,1,0,no,Single-country territory; UN WPP and vanilla are within the ±5% review threshold.,49854640000,43373536800,2012,1034,2720,1034,2720,2012,kept_vanilla,43373536800,49854640000,TCD: UN WPP 2024 Medium exact 2026,TCD: IMF exact 2026,TCD: IMF exact 2026,complete_primary,https://www.un.org/development/desa/pd/world-population-prospects-2024,https://api.imf.org/external/sdmx/3.0/data/dataflow/IMF.RES/WEO/9.0.0/,https://api.worldbank.org/v2/
CHL,Chile,CHL,CHL,2003,1.59,16024752,16024752,1,0,no,Single-country territory; UN WPP and vanilla are within the ±5% review threshold.,118815789474,188917105264,11789,7591,20159,7591,20159,11789,kept_vanilla,188917105264,118815789474,CHL: UN WPP 2024 Medium exact 2003,CHL: IMF exact 2003,CHL: IMF exact 2003,complete_primary,https://www.un.org/development/desa/pd/world-population-prospects-2024,https://api.imf.org/external/sdmx/3.0/data/dataflow/IMF.RES/WEO/9.0.0/,https://api.worldbank.org/v2/
CHL,Chile,CHL,CHL,2022,1,19256615,19553036,1.0153932038419005,1.539320384190046,no,Single-country territory; UN WPP and vanilla are within the ±5% review threshold.,500120720000,500120720000,25971,15408,31670,15408,31670,25971,kept_vanilla,507819180189,507819180189,CHL: UN WPP 2024 Medium exact 2022,CHL: IMF exact 2022,CHL: IMF exact 2022,complete_primary,https://www.un.org/development/desa/pd/world-population-prospects-2024,https://api.imf.org/external/sdmx/3.0/data/dataflow/IMF.RES/WEO/9.0.0/,https://api.worldbank.org/v2/
CHL,Chile,CHL,CHL,2026,0.87,19945850,19945850,1,0,no,Single-country territory; UN WPP and vanilla are within the ±5% review threshold.,624971600000,543725292000,27260,17790,32816,17790,32816,27260,kept_vanilla,543725292000,624971600000,CHL: UN WPP 2024 Medium exact 2026,CHL: IMF exact 2026,CHL: IMF exact 2026,complete_primary,https://www.un.org/development/desa/pd/world-population-prospects-2024,https://api.imf.org/external/sdmx/3.0/data/dataflow/IMF.RES/WEO/9.0.0/,https://api.worldbank.org/v2/
CHN,China,CHN,CHN,2003,1.59,1294517327,1294517326,0.9999999992275113,-7.724887396420854e-8,no,Single-country territory; UN WPP and vanilla are within the ±5% review threshold.,2637080116959,4192957385965,3239,2065,5656,2065,5656,3239,kept_vanilla,4192957382726,2637080114922,CHN: UN WPP 2024 Medium exact 2003,CHN: IMF exact 2003,CHN: IMF exact 2003,complete_primary,https://www.un.org/development/desa/pd/world-population-prospects-2024,https://api.imf.org/external/sdmx/3.0/data/dataflow/IMF.RES/WEO/9.0.0/,https://api.worldbank.org/v2/
CHN,China,CHN,CHN,2022,1,1449737297,1425179569,0.9830605668690332,-1.6939433130966797,no,Single-country territory; UN WPP and vanilla are within the ±5% review threshold.,26556574880000,26556574880000,18318,12867,22800,12867,22800,18318,kept_vanilla,26106721555633,26106721555633,CHN: UN WPP 2024 Medium exact 2022,CHN: IMF exact 2022,CHN: IMF exact 2022,complete_primary,https://www.un.org/development/desa/pd/world-population-prospects-2024,https://api.imf.org/external/sdmx/3.0/data/dataflow/IMF.RES/WEO/9.0.0/,https://api.worldbank.org/v2/
CHN,China,CHN,CHN,2026,0.87,1412914088,1412914089,1.0000000007077572,7.077571861913157e-8,no,Single-country territory; UN WPP and vanilla are within the ±5% review threshold.,36093925120000,31401714854400,22225,12839,27275,12839,27275,22225,kept_vanilla,31401714876625,36093925145546,CHN: UN WPP 2024 Medium exact 2026,CHN: IMF exact 2026,CHN: IMF exact 2026,complete_primary,https://www.un.org/development/desa/pd/world-population-prospects-2024,https://api.imf.org/external/sdmx/3.0/data/dataflow/IMF.RES/WEO/9.0.0/,https://api.worldbank.org/v2/
COL,Colombia,COL,COL,2003,1.59,40937429,40937429,1,0,no,Single-country territory; UN WPP and vanilla are within the ±5% review threshold.,175425146199,278925982456,6813,3654,11651,3654,11651,6813,kept_vanilla,278925982456,175425146199,COL: UN WPP 2024 Medium exact 2003,COL: IMF exact 2003,COL: IMF exact 2003,complete_primary,https://www.un.org/development/desa/pd/world-population-prospects-2024,https://api.imf.org/external/sdmx/3.0/data/dataflow/IMF.RES/WEO/9.0.0/,https://api.worldbank.org/v2/
COL,Colombia,COL,COL,2022,1,51574932,51737944,1.0031606827906239,0.316068279062387,no,Single-country territory; UN WPP and vanilla are within the ±5% review threshold.,827718320000,827718320000,16049,6680,20132,6680,20132,16049,kept_vanilla,830334475050,830334475050,COL: UN WPP 2024 Medium exact 2022,COL: IMF exact 2022,COL: IMF exact 2022,complete_primary,https://www.un.org/development/desa/pd/world-population-prospects-2024,https://api.imf.org/external/sdmx/3.0/data/dataflow/IMF.RES/WEO/9.0.0/,https://api.worldbank.org/v2/
COL,Colombia,COL,COL,2026,0.87,53936226,53936226,1,0,no,Single-country territory; UN WPP and vanilla are within the ±5% review threshold.,1046729200000,910654404000,16884,8703,20307,8703,20307,16884,kept_vanilla,910654404000,1046729200000,COL: UN WPP 2024 Medium exact 2026,COL: IMF exact 2026,COL: IMF exact 2026,complete_primary,https://www.un.org/development/desa/pd/world-population-prospects-2024,https://api.imf.org/external/sdmx/3.0/data/dataflow/IMF.RES/WEO/9.0.0/,https://api.worldbank.org/v2/
RTK,Comoros,COM,COM,2003,1.59,569798,569798,1,0,no,Single-country territory; UN WPP and vanilla are within the ±5% review threshold.,763157895,1213421053,2130,1526,3642,1526,3642,2130,kept_vanilla,1213421053,763157895,COM: UN WPP 2024 Medium exact 2003,COM: IMF exact 2003,COM: IMF exact 2003,complete_primary,https://www.un.org/development/desa/pd/world-population-prospects-2024,https://api.imf.org/external/sdmx/3.0/data/dataflow/IMF.RES/WEO/9.0.0/,https://api.worldbank.org/v2/
RTK,Comoros,COM,COM,2022,1,913269,834188,0.9134088642010185,-8.659113579898147,yes — reviewed,"Single-country game territory and UN country/area boundary align. The difference is an updated historical estimate/projection vintage, not a geographic-scope mismatch; accept the UN WPP value for a consistent source vintage.",2821280000,2821280000,3089,1467,3641,1467,3641,3089,kept_vanilla,2576982160,2576982160,COM: UN WPP 2024 Medium exact 2022,COM: IMF exact 2022,COM: IMF exact 2022,complete_primary,https://www.un.org/development/desa/pd/world-population-prospects-2024,https://api.imf.org/external/sdmx/3.0/data/dataflow/IMF.RES/WEO/9.0.0/,https://api.worldbank.org/v2/
RTK,Comoros,COM,COM,2026,0.87,899010,899010,1,0,no,Single-country territory; UN WPP and vanilla are within the ±5% review threshold.,3216400000,2798268000,3113,1755,3799,1755,3799,3113,kept_vanilla,2798268000,3216400000,COM: UN WPP 2024 Medium exact 2026,COM: IMF exact 2026,COM: IMF exact 2026,complete_primary,https://www.un.org/development/desa/pd/world-population-prospects-2024,https://api.imf.org/external/sdmx/3.0/data/dataflow/IMF.RES/WEO/9.0.0/,https://api.worldbank.org/v2/
COD,Congo,COD,COD,2003,1.59,55343867,55343867,1,0,no,Single-country territory; UN WPP and vanilla are within the ±5% review threshold.,17094736842,27180631579,491,259,794,259,794,491,kept_vanilla,27180631579,17094736842,COD: UN WPP 2024 Medium exact 2003,COD: IMF exact 2003,COD: IMF exact 2003,complete_primary,https://www.un.org/development/desa/pd/world-population-prospects-2024,https://api.imf.org/external/sdmx/3.0/data/dataflow/IMF.RES/WEO/9.0.0/,https://api.worldbank.org/v2/
COD,Congo,COD,COD,2022,1,96149852,102396968,1.0649727053142006,6.497270531420063,yes — reviewed,"Single-country game territory and UN country/area boundary align. The difference is an updated historical estimate/projection vintage, not a geographic-scope mismatch; accept the UN WPP value for a consistent source vintage.",112097920000,112097920000,1166,688,1590,688,1590,1166,kept_vanilla,119381225122,119381225122,COD: UN WPP 2024 Medium exact 2022,COD: IMF exact 2022,COD: IMF exact 2022,complete_primary,https://www.un.org/development/desa/pd/world-population-prospects-2024,https://api.imf.org/external/sdmx/3.0/data/dataflow/IMF.RES/WEO/9.0.0/,https://api.worldbank.org/v2/
COD,Congo,COD,COD,2026,0.87,116452162,116452162,1,0,no,Single-country territory; UN WPP and vanilla are within the ±5% review threshold.,176668800000,153701856000,1320,922,1763,922,1763,1320,kept_vanilla,153701856000,176668800000,COD: UN WPP 2024 Medium exact 2026,COD: IMF exact 2026,COD: IMF exact 2026,complete_primary,https://www.un.org/development/desa/pd/world-population-prospects-2024,https://api.imf.org/external/sdmx/3.0/data/dataflow/IMF.RES/WEO/9.0.0/,https://api.worldbank.org/v2/
COS,Costa Rica,CRI,CRI,2003,1.59,4138784,4138784,0.9999999999999999,-1.1102230246251565e-14,no,Single-country territory; UN WPP and vanilla are within the ±5% review threshold.,25149707602,39988035087,9662,6637,16522,6637,16522,9662,kept_vanilla,39988035087,25149707602,CRI: UN WPP 2024 Medium exact 2003,CRI: IMF exact 2003,CRI: IMF exact 2003,complete_primary,https://www.un.org/development/desa/pd/world-population-prospects-2024,https://api.imf.org/external/sdmx/3.0/data/dataflow/IMF.RES/WEO/9.0.0/,https://api.worldbank.org/v2/
COS,Costa Rica,CRI,CRI,2022,1,5195682,5081765,0.9780746781654458,-2.19253218345542,no,Single-country territory; UN WPP and vanilla are within the ±5% review threshold.,112757920000,112757920000,21702,13970,27415,13970,27415,21702,kept_vanilla,110285666315,110285666315,CRI: UN WPP 2024 Medium exact 2022,CRI: IMF exact 2022,CRI: IMF exact 2022,complete_primary,https://www.un.org/development/desa/pd/world-population-prospects-2024,https://api.imf.org/external/sdmx/3.0/data/dataflow/IMF.RES/WEO/9.0.0/,https://api.worldbank.org/v2/
COS,Costa Rica,CRI,CRI,2026,0.87,5174789,5174789,1,0,no,Single-country territory; UN WPP and vanilla are within the ±5% review threshold.,148749920000,129412430400,25008,18482,31099,18482,31099,25008,kept_vanilla,129412430400,148749920000,CRI: UN WPP 2024 Medium exact 2026,CRI: IMF exact 2026,CRI: IMF exact 2026,complete_primary,https://www.un.org/development/desa/pd/world-population-prospects-2024,https://api.imf.org/external/sdmx/3.0/data/dataflow/IMF.RES/WEO/9.0.0/,https://api.worldbank.org/v2/
CRS,Croatia,HRV,HRV,2003,1.59,4306686,4306686,1,0,no,Single-country territory; UN WPP and vanilla are within the ±5% review threshold.,42554970760,67662403508,15711,13011,26869,13011,26869,15711,kept_vanilla,67662403508,42554970760,HRV: UN WPP 2024 Medium exact 2003,HRV: IMF exact 2003,HRV: IMF exact 2003,complete_primary,https://www.un.org/development/desa/pd/world-population-prospects-2024,https://api.imf.org/external/sdmx/3.0/data/dataflow/IMF.RES/WEO/9.0.0/,https://api.worldbank.org/v2/
CRS,Croatia,HRV,HRV,2022,1,4052597,3907027,0.9640798233823891,-3.5920176617610933,no,Single-country territory; UN WPP and vanilla are within the ±5% review threshold.,127628160000,127628160000,31493,18238,42120,18238,42120,31493,kept_vanilla,123043733951,123043733951,HRV: UN WPP 2024 Medium exact 2022,HRV: IMF exact 2022,HRV: IMF exact 2022,complete_primary,https://www.un.org/development/desa/pd/world-population-prospects-2024,https://api.imf.org/external/sdmx/3.0/data/dataflow/IMF.RES/WEO/9.0.0/,https://api.worldbank.org/v2/
CRS,Croatia,HRV,HRV,2026,0.87,3822345,3822345,1,0,no,Single-country territory; UN WPP and vanilla are within the ±5% review threshold.,174475840000,151793980800,39712,26533,48029,26533,48029,39712,kept_vanilla,151793980800,174475840000,HRV: UN WPP 2024 Medium exact 2026,HRV: IMF exact 2026,HRV: IMF exact 2026,complete_primary,https://www.un.org/development/desa/pd/world-population-prospects-2024,https://api.imf.org/external/sdmx/3.0/data/dataflow/IMF.RES/WEO/9.0.0/,https://api.worldbank.org/v2/
CUB,Cuba,CUB,CUB,2003,1.59,11209383,11209383,1,0,no,Single-country territory; UN WPP and vanilla are within the ±5% review threshold.,32130000000,51086700000,4557,5092,13122,5092,13122,5092,clamped_to_nominal,57082908000,35901200000,CUB: UN WPP 2024 Medium exact 2003,CUB: World Bank exact 2003,CUB: PPP inferred from filled nominal GDP using Latin America & Caribbean ; Upper middle income median PPP/nominal ratio 2.577 (17 peers),inferred+secondary_source,https://www.un.org/development/desa/pd/world-population-prospects-2024,https://api.imf.org/external/sdmx/3.0/data/dataflow/IMF.RES/WEO/9.0.0/,https://api.worldbank.org/v2/
CUB,Cuba,CUB,CUB,2022,1,11302134,11059820,0.978560332057645,-2.1439667942354967,no,Single-country territory; UN WPP and vanilla are within the ±5% review threshold.,139016249504,139016249504,12300,11964,25620,11964,25620,12300,kept_vanilla,136035787276,136035787276,CUB: UN WPP 2024 Medium exact 2022,"CUB: peer-growth inference from World Bank 2020; Latin America & Caribbean ; Upper middle income median 5.46%/yr (17 peers, capped at ±8%)",CUB: PPP inferred from filled nominal GDP using Latin America & Caribbean ; Upper middle income median PPP/nominal ratio 2.141 (17 peers),inferred,https://www.un.org/development/desa/pd/world-population-prospects-2024,https://api.imf.org/external/sdmx/3.0/data/dataflow/IMF.RES/WEO/9.0.0/,https://api.worldbank.org/v2/
CUB,Cuba,CUB,CUB,2026,0.87,10892659,10892659,1,0,no,Single-country territory; UN WPP and vanilla are within the ±5% review threshold.,85331845201,74238705325,6815,13617,31626,13617,31626,13617,clamped_to_nominal,148325194318,170488729101,CUB: UN WPP 2024 Medium exact 2026,"CUB: peer-growth inference from World Bank 2020; Latin America & Caribbean ; Upper middle income median 4.39%/yr (14 peers, capped at ±8%)",CUB: PPP inferred from filled nominal GDP using Latin America & Caribbean ; Upper middle income median PPP/nominal ratio 2.323 (14 peers),inferred,https://www.un.org/development/desa/pd/world-population-prospects-2024,https://api.imf.org/external/sdmx/3.0/data/dataflow/IMF.RES/WEO/9.0.0/,https://api.worldbank.org/v2/
CZE,Czechia,CZE,CZE,2003,1.59,10248912,10248912,1,0,no,Single-country territory; UN WPP and vanilla are within the ±5% review threshold.,127736257310,203100649123,19817,15587,33887,15587,33887,19817,kept_vanilla,203100649123,127736257310,CZE: UN WPP 2024 Medium exact 2003,CZE: IMF exact 2003,CZE: IMF exact 2003,complete_primary,https://www.un.org/development/desa/pd/world-population-prospects-2024,https://api.imf.org/external/sdmx/3.0/data/dataflow/IMF.RES/WEO/9.0.0/,https://api.worldbank.org/v2/
CZE,Czechia,CZE,CZE,2022,1,10740409,10673213,0.9937436274540383,-0.6256372545961675,no,Single-country territory; UN WPP and vanilla are within the ±5% review threshold.,448758640000,448758640000,41782,28279,54212,28279,54212,41782,kept_vanilla,445951038765,445951038765,CZE: UN WPP 2024 Medium exact 2022,CZE: IMF exact 2022,CZE: IMF exact 2022,complete_primary,https://www.un.org/development/desa/pd/world-population-prospects-2024,https://api.imf.org/external/sdmx/3.0/data/dataflow/IMF.RES/WEO/9.0.0/,https://api.worldbank.org/v2/
CZE,Czechia,CZE,CZE,2026,0.87,10527781,10527781,1,0,no,Single-country territory; UN WPP and vanilla are within the ±5% review threshold.,569643360000,495589723200,47074,35749,57089,35749,57089,47074,kept_vanilla,495589723200,569643360000,CZE: UN WPP 2024 Medium exact 2026,CZE: IMF exact 2026,CZE: IMF exact 2026,complete_primary,https://www.un.org/development/desa/pd/world-population-prospects-2024,https://api.imf.org/external/sdmx/3.0/data/dataflow/IMF.RES/WEO/9.0.0/,https://api.worldbank.org/v2/
DEN,Denmark,DNK,DNK+GRL+FRO,2003,1.59,5494804,5494804,1,0,no,Added Greenland and the Faroe Islands because the game assigns a separate Greenland region to Denmark; this reproduces the 2003 and 2026 vanilla totals almost exactly.,119951461988,190722824561,34710,64089,60313,60313,64089,60313,clamped_to_ppp,331410376207,208434198872,DNK: UN WPP 2024 Medium exact 2003; GRL: UN WPP 2024 Medium exact 2003; FRO: UN WPP 2024 Medium exact 2003,DNK: IMF exact 2003; GRL: World Bank exact 2003; FRO: World Bank exact 2003,"DNK: IMF exact 2003; GRL: World Bank exact 2003; FRO: peer-growth inference from World Bank 2008; Europe & Central Asia; High income median 3.02%/yr (35 peers, capped at ±8%)",inferred+secondary_source,https://www.un.org/development/desa/pd/world-population-prospects-2024,https://api.imf.org/external/sdmx/3.0/data/dataflow/IMF.RES/WEO/9.0.0/,https://api.worldbank.org/v2/
DEN,Denmark,DNK,DNK+GRL+FRO,2022,1,5947882,6012905,1.0109321267637792,1.0932126763779193,no,Added Greenland and the Faroe Islands because the game assigns a separate Greenland region to Denmark; this reproduces the 2003 and 2026 vanilla totals almost exactly.,357289680000,357289680000,60070,67668,74693,67668,74693,67668,clamped_to_nominal,406882222572,406882222572,DNK: UN WPP 2024 Medium exact 2022; GRL: UN WPP 2024 Medium exact 2022; FRO: UN WPP 2024 Medium exact 2022,DNK: IMF exact 2022; GRL: World Bank exact 2022; FRO: World Bank exact 2022,DNK: IMF exact 2022; GRL: World Bank exact 2022; FRO: World Bank exact 2022,secondary_source,https://www.un.org/development/desa/pd/world-population-prospects-2024,https://api.imf.org/external/sdmx/3.0/data/dataflow/IMF.RES/WEO/9.0.0/,https://api.worldbank.org/v2/
DEN,Denmark,DNK,DNK+GRL+FRO,2026,0.87,6135676,6135675,0.9999998370187735,-0.000016298122651470237,no,Added Greenland and the Faroe Islands because the game assigns a separate Greenland region to Denmark; this reproduces the 2003 and 2026 vanilla totals almost exactly.,469701760000,408640531200,66601,72726,78174,72726,78174,72726,clamped_to_nominal,446225234357,512902568226,DNK: UN WPP 2024 Medium exact 2026; GRL: UN WPP 2024 Medium exact 2026; FRO: UN WPP 2024 Medium exact 2026,"DNK: IMF exact 2026; GRL: peer-growth inference from World Bank 2023; Europe & Central Asia; High income median 5.30%/yr (34 peers, capped at ±8%); FRO: peer-growth inference from World Bank 2024; Europe & Central Asia; High income median 6.29%/yr (34 peers, capped at ±8%)","DNK: IMF exact 2026; GRL: peer-growth inference from World Bank 2023; Europe & Central Asia; High income median 1.41%/yr (34 peers, capped at ±8%); FRO: peer-growth inference from World Bank 2024; Europe & Central Asia; High income median 1.18%/yr (34 peers, capped at ±8%)",inferred,https://www.un.org/development/desa/pd/world-population-prospects-2024,https://api.imf.org/external/sdmx/3.0/data/dataflow/IMF.RES/WEO/9.0.0/,https://api.worldbank.org/v2/
DJI,Djibouti,DJI,DJI,2003,1.59,813519,813519,1,0,no,Single-country territory; UN WPP and vanilla are within the ±5% review threshold.,1108187135,1762017545,2166,1723,3703,1723,3703,2166,kept_vanilla,1762017545,1108187135,DJI: UN WPP 2024 Medium exact 2003,DJI: IMF exact 2003,DJI: IMF exact 2003,complete_primary,https://www.un.org/development/desa/pd/world-population-prospects-2024,https://api.imf.org/external/sdmx/3.0/data/dataflow/IMF.RES/WEO/9.0.0/,https://api.worldbank.org/v2/
DJI,Djibouti,DJI,DJI,2022,1,1020434,1137096,1.1143258652690913,11.432586526909127,yes — reviewed,"Single-country game territory and UN country/area boundary align. The difference is an updated historical estimate/projection vintage, not a geographic-scope mismatch; accept the UN WPP value for a consistent source vintage.",5961120000,5961120000,5842,3133,6620,3133,6620,5842,kept_vanilla,6642630202,6642630202,DJI: UN WPP 2024 Medium exact 2022,DJI: IMF exact 2022,DJI: IMF exact 2022,complete_primary,https://www.un.org/development/desa/pd/world-population-prospects-2024,https://api.imf.org/external/sdmx/3.0/data/dataflow/IMF.RES/WEO/9.0.0/,https://api.worldbank.org/v2/
DJI,Djibouti,DJI,DJI,2026,0.87,1199460,1199459,0.9999991662914979,-0.000083370850212372,no,Single-country territory; UN WPP and vanilla are within the ±5% review threshold.,8748960000,7611595200,6346,3427,7881,3427,7881,6346,kept_vanilla,7611588854,8748952706,DJI: UN WPP 2024 Medium exact 2026,DJI: IMF exact 2026,DJI: IMF exact 2026,complete_primary,https://www.un.org/development/desa/pd/world-population-prospects-2024,https://api.imf.org/external/sdmx/3.0/data/dataflow/IMF.RES/WEO/9.0.0/,https://api.worldbank.org/v2/
DOM,Dominican Republic,DOM,DOM,2003,1.59,8980620,8980620,1,0,no,Single-country territory; UN WPP and vanilla are within the ±5% review threshold.,38814619883,61715245614,6872,3810,11635,3810,11635,6872,kept_vanilla,61715245614,38814619883,DOM: UN WPP 2024 Medium exact 2003,DOM: IMF exact 2003,DOM: IMF exact 2003,complete_primary,https://www.un.org/development/desa/pd/world-population-prospects-2024,https://api.imf.org/external/sdmx/3.0/data/dataflow/IMF.RES/WEO/9.0.0/,https://api.worldbank.org/v2/
DOM,Dominican Republic,DOM,DOM,2022,1,11088230,11230734,1.0128518257647974,1.2851825764797375,no,Single-country territory; UN WPP and vanilla are within the ±5% review threshold.,224392960000,224392960000,20237,10134,24622,10134,24622,20237,kept_vanilla,227276819225,227276819225,DOM: UN WPP 2024 Medium exact 2022,DOM: IMF exact 2022,DOM: IMF exact 2022,complete_primary,https://www.un.org/development/desa/pd/world-population-prospects-2024,https://api.imf.org/external/sdmx/3.0/data/dataflow/IMF.RES/WEO/9.0.0/,https://api.worldbank.org/v2/
DOM,Dominican Republic,DOM,DOM,2026,0.87,11609500,11609500,1,0,no,Single-country territory; UN WPP and vanilla are within the ±5% review threshold.,295752160000,257304379200,22163,10203,26464,10203,26464,22163,kept_vanilla,257304379200,295752160000,DOM: UN WPP 2024 Medium exact 2026,DOM: IMF exact 2026,DOM: IMF exact 2026,complete_primary,https://www.un.org/development/desa/pd/world-population-prospects-2024,https://api.imf.org/external/sdmx/3.0/data/dataflow/IMF.RES/WEO/9.0.0/,https://api.worldbank.org/v2/
ECU,Ecuador,ECU,ECU,2003,1.59,13372306,13372306,1,0,no,Single-country territory; UN WPP and vanilla are within the ±5% review threshold.,49099415205,78068070176,5838,3682,9983,3682,9983,5838,kept_vanilla,78068070176,49099415205,ECU: UN WPP 2024 Medium exact 2003,ECU: IMF exact 2003,ECU: IMF exact 2003,complete_primary,https://www.un.org/development/desa/pd/world-population-prospects-2024,https://api.imf.org/external/sdmx/3.0/data/dataflow/IMF.RES/WEO/9.0.0/,https://api.worldbank.org/v2/
ECU,Ecuador,ECU,ECU,2022,1,18181827,17823897,0.9803138595477782,-1.9686140452221834,no,Single-country territory; UN WPP and vanilla are within the ±5% review threshold.,200662000000,200662000000,11036,6516,15196,6516,15196,11036,kept_vanilla,196711739685,196711739685,ECU: UN WPP 2024 Medium exact 2022,ECU: IMF exact 2022,ECU: IMF exact 2022,complete_primary,https://www.un.org/development/desa/pd/world-population-prospects-2024,https://api.imf.org/external/sdmx/3.0/data/dataflow/IMF.RES/WEO/9.0.0/,https://api.worldbank.org/v2/
ECU,Ecuador,ECU,ECU,2026,0.87,18444507,18444506,0.9999999457833164,-0.000005421668358707166,no,Single-country territory; UN WPP and vanilla are within the ±5% review threshold.,264107360000,229773403200,12458,6518,15249,6518,15249,12458,kept_vanilla,229773390742,264107345681,ECU: UN WPP 2024 Medium exact 2026,ECU: IMF exact 2026,ECU: IMF exact 2026,complete_primary,https://www.un.org/development/desa/pd/world-population-prospects-2024,https://api.imf.org/external/sdmx/3.0/data/dataflow/IMF.RES/WEO/9.0.0/,https://api.worldbank.org/v2/
EGY,Egypt,EGY,EGY,2003,1.59,77853547,77853548,1.00000001284463,0.0000012844630026265236,no,Single-country territory; UN WPP and vanilla are within the ±5% review threshold.,282095321637,448531561403,5761,1739,9852,1739,9852,5761,kept_vanilla,448531567164,282095325261,EGY: UN WPP 2024 Medium exact 2003,EGY: IMF exact 2003,EGY: IMF exact 2003,complete_primary,https://www.un.org/development/desa/pd/world-population-prospects-2024,https://api.imf.org/external/sdmx/3.0/data/dataflow/IMF.RES/WEO/9.0.0/,https://api.worldbank.org/v2/
EGY,Egypt,EGY,EGY,2022,1,106749118,112618250,1.0549806135166382,5.498061351663819,yes — reviewed,"Single-country game territory and UN country/area boundary align. The difference is an updated historical estimate/projection vintage, not a geographic-scope mismatch; accept the UN WPP value for a consistent source vintage.",1374891760000,1374891760000,12880,4220,17534,4220,17534,12880,kept_vanilla,1450484152484,1450484152484,EGY: UN WPP 2024 Medium exact 2022,EGY: IMF exact 2022,EGY: IMF exact 2022,complete_primary,https://www.un.org/development/desa/pd/world-population-prospects-2024,https://api.imf.org/external/sdmx/3.0/data/dataflow/IMF.RES/WEO/9.0.0/,https://api.worldbank.org/v2/
EGY,Egypt,EGY,EGY,2026,0.87,120101175,120101175,1,0,no,Single-country territory; UN WPP and vanilla are within the ±5% review threshold.,2095726160000,1823281759200,15181,3112,18593,3112,18593,15181,kept_vanilla,1823281759200,2095726160000,EGY: UN WPP 2024 Medium exact 2026,EGY: IMF exact 2026,EGY: IMF exact 2026,complete_primary,https://www.un.org/development/desa/pd/world-population-prospects-2024,https://api.imf.org/external/sdmx/3.0/data/dataflow/IMF.RES/WEO/9.0.0/,https://api.worldbank.org/v2/
ELS,El Salvador,SLV,SLV,2003,1.59,5998599,5998599,1,0,no,Single-country territory; UN WPP and vanilla are within the ±5% review threshold.,18721052632,29766473685,4962,3510,8485,3510,8485,4962,kept_vanilla,29766473685,18721052632,SLV: UN WPP 2024 Medium exact 2003,SLV: IMF exact 2003,SLV: IMF exact 2003,complete_primary,https://www.un.org/development/desa/pd/world-population-prospects-2024,https://api.imf.org/external/sdmx/3.0/data/dataflow/IMF.RES/WEO/9.0.0/,https://api.worldbank.org/v2/
ELS,El Salvador,SLV,SLV,2022,1,6560298,6280319,0.9573222131067827,-4.267778689321733,no,Single-country territory; UN WPP and vanilla are within the ±5% review threshold.,60996320000,60996320000,9298,5075,11874,5075,11874,9298,kept_vanilla,58393132054,58393132054,SLV: UN WPP 2024 Medium exact 2022,SLV: IMF exact 2022,SLV: IMF exact 2022,complete_primary,https://www.un.org/development/desa/pd/world-population-prospects-2024,https://api.imf.org/external/sdmx/3.0/data/dataflow/IMF.RES/WEO/9.0.0/,https://api.worldbank.org/v2/
ELS,El Salvador,SLV,SLV,2026,0.87,6391254,6391253,0.9999998435361824,-0.000015646381756884153,no,Single-country territory; UN WPP and vanilla are within the ±5% review threshold.,77688160000,67588699200,10575,5423,12987,5423,12987,10575,kept_vanilla,67588688625,77688147845,SLV: UN WPP 2024 Medium exact 2026,SLV: IMF exact 2026,SLV: IMF exact 2026,complete_primary,https://www.un.org/development/desa/pd/world-population-prospects-2024,https://api.imf.org/external/sdmx/3.0/data/dataflow/IMF.RES/WEO/9.0.0/,https://api.worldbank.org/v2/
EQG,Equatorial Guinea,GNQ,GNQ,2003,1.59,847862,847862,1,0,no,Single-country territory; UN WPP and vanilla are within the ±5% review threshold.,7930409357,12609350878,14872,7000,25431,7000,25431,14872,kept_vanilla,12609350878,7930409357,GNQ: UN WPP 2024 Medium exact 2003,GNQ: IMF exact 2003,GNQ: IMF exact 2003,complete_primary,https://www.un.org/development/desa/pd/world-population-prospects-2024,https://api.imf.org/external/sdmx/3.0/data/dataflow/IMF.RES/WEO/9.0.0/,https://api.worldbank.org/v2/
EQG,Equatorial Guinea,GNQ,GNQ,2022,1,1511571,1803545,1.1931593024740486,19.315930247404857,yes — reviewed,"Single-country game territory and UN country/area boundary align. The difference is an updated historical estimate/projection vintage, not a geographic-scope mismatch; accept the UN WPP value for a consistent source vintage.",25099360000,25099360000,16605,7606,18137,7606,18137,16605,kept_vanilla,29947534870,29947534870,GNQ: UN WPP 2024 Medium exact 2022,GNQ: IMF exact 2022,GNQ: IMF exact 2022,complete_primary,https://www.un.org/development/desa/pd/world-population-prospects-2024,https://api.imf.org/external/sdmx/3.0/data/dataflow/IMF.RES/WEO/9.0.0/,https://api.worldbank.org/v2/
EQG,Equatorial Guinea,GNQ,GNQ,2026,0.87,1984468,1984468,1,0,no,Single-country territory; UN WPP and vanilla are within the ±5% review threshold.,29042640000,25267096800,12732,6016,14067,6016,14067,12732,kept_vanilla,25267096800,29042640000,GNQ: UN WPP 2024 Medium exact 2026,GNQ: IMF exact 2026,GNQ: IMF exact 2026,complete_primary,https://www.un.org/development/desa/pd/world-population-prospects-2024,https://api.imf.org/external/sdmx/3.0/data/dataflow/IMF.RES/WEO/9.0.0/,https://api.worldbank.org/v2/
ERI,Eritrea,ERI,ERI,2003,1.59,2493903,2493903,1,0,no,Single-country territory; UN WPP and vanilla are within the ±5% review threshold.,1987134503,3159543860,1267,429,2166,429,2166,1267,kept_vanilla,3159543860,1987134503,ERI: UN WPP 2024 Medium exact 2003,ERI: IMF exact 2003,ERI: IMF exact 2003,complete_primary,https://www.un.org/development/desa/pd/world-population-prospects-2024,https://api.imf.org/external/sdmx/3.0/data/dataflow/IMF.RES/WEO/9.0.0/,https://api.worldbank.org/v2/
ERI,Eritrea,ERI,ERI,2022,1,3681556,3409447,0.926088588629373,-7.391141137062696,yes — reviewed,"Single-country game territory and UN country/area boundary align. The difference is an updated historical estimate/projection vintage, not a geographic-scope mismatch; accept the UN WPP value for a consistent source vintage.",6771600000,6771600000,1839,604,2092,604,2092,1839,kept_vanilla,6271101487,6271101487,ERI: UN WPP 2024 Medium exact 2022,"ERI: peer-growth inference from IMF 2019; Sub-Saharan Africa ; Low income median -2.06%/yr (20 peers, capped at ±8%)","ERI: peer-growth inference from IMF 2019; Sub-Saharan Africa ; Low income median 0.39%/yr (20 peers, capped at ±8%)",inferred,https://www.un.org/development/desa/pd/world-population-prospects-2024,https://api.imf.org/external/sdmx/3.0/data/dataflow/IMF.RES/WEO/9.0.0/,https://api.worldbank.org/v2/
ERI,Eritrea,ERI,ERI,2026,0.87,3682669,3682669,1,0,no,Single-country territory; UN WPP and vanilla are within the ±5% review threshold.,5636400000,4903668000,1332,656,2190,656,2190,1332,kept_vanilla,4903668000,5636400000,ERI: UN WPP 2024 Medium exact 2026,"ERI: peer-growth inference from IMF 2019; Sub-Saharan Africa ; Low income median 0.59%/yr (20 peers, capped at ±8%)","ERI: peer-growth inference from IMF 2019; Sub-Saharan Africa ; Low income median 1.14%/yr (20 peers, capped at ±8%)",inferred,https://www.un.org/development/desa/pd/world-population-prospects-2024,https://api.imf.org/external/sdmx/3.0/data/dataflow/IMF.RES/WEO/9.0.0/,https://api.worldbank.org/v2/
EST,Estonia,EST,EST,2003,1.59,1370850,1370850,1,0,no,Single-country territory; UN WPP and vanilla are within the ±5% review threshold.,13732163743,21834140351,15927,11476,27236,11476,27236,15927,kept_vanilla,21834140351,13732163743,EST: UN WPP 2024 Medium exact 2003,EST: IMF exact 2003,EST: IMF exact 2003,complete_primary,https://www.un.org/development/desa/pd/world-population-prospects-2024,https://api.imf.org/external/sdmx/3.0/data/dataflow/IMF.RES/WEO/9.0.0/,https://api.worldbank.org/v2/
EST,Estonia,EST,EST,2022,1,1320755,1350091,1.0222115380975276,2.2211538097527628,no,Single-country territory; UN WPP and vanilla are within the ±5% review threshold.,52410160000,52410160000,39682,28336,46996,28336,46996,39682,kept_vanilla,53574270266,53574270266,EST: UN WPP 2024 Medium exact 2022,EST: IMF exact 2022,EST: IMF exact 2022,complete_primary,https://www.un.org/development/desa/pd/world-population-prospects-2024,https://api.imf.org/external/sdmx/3.0/data/dataflow/IMF.RES/WEO/9.0.0/,https://api.worldbank.org/v2/
EST,Estonia,EST,EST,2026,0.87,1331062,1331062,1,0,no,Single-country territory; UN WPP and vanilla are within the ±5% review threshold.,60046800000,52240716000,39247,33749,46217,33749,46217,39247,kept_vanilla,52240716000,60046800000,EST: UN WPP 2024 Medium exact 2026,EST: IMF exact 2026,EST: IMF exact 2026,complete_primary,https://www.un.org/development/desa/pd/world-population-prospects-2024,https://api.imf.org/external/sdmx/3.0/data/dataflow/IMF.RES/WEO/9.0.0/,https://api.worldbank.org/v2/
ESW,Eswatini,SWZ,SWZ,2003,1.59,1066700,1066700,1,0,no,Single-country territory; UN WPP and vanilla are within the ±5% review threshold.,2870760234,4564508772,4279,3180,7133,3180,7133,4279,kept_vanilla,4564508772,2870760234,SWZ: UN WPP 2024 Medium exact 2003,SWZ: IMF exact 2003,SWZ: IMF exact 2003,complete_primary,https://www.un.org/development/desa/pd/world-population-prospects-2024,https://api.imf.org/external/sdmx/3.0/data/dataflow/IMF.RES/WEO/9.0.0/,https://api.worldbank.org/v2/
ESW,Eswatini,SWZ,SWZ,2022,1,1188663,1218917,1.0254521256234945,2.5452125623494526,no,Single-country territory; UN WPP and vanilla are within the ±5% review threshold.,10546800000,10546800000,8873,3894,10634,3894,10634,8873,kept_vanilla,10815238479,10815238479,SWZ: UN WPP 2024 Medium exact 2022,SWZ: IMF exact 2022,SWZ: IMF exact 2022,complete_primary,https://www.un.org/development/desa/pd/world-population-prospects-2024,https://api.imf.org/external/sdmx/3.0/data/dataflow/IMF.RES/WEO/9.0.0/,https://api.worldbank.org/v2/
ESW,Eswatini,SWZ,SWZ,2026,0.87,1269859,1269859,1,0,no,Single-country territory; UN WPP and vanilla are within the ±5% review threshold.,14363360000,12496123200,9841,3968,11473,3968,11473,9841,kept_vanilla,12496123200,14363360000,SWZ: UN WPP 2024 Medium exact 2026,SWZ: IMF exact 2026,SWZ: IMF exact 2026,complete_primary,https://www.un.org/development/desa/pd/world-population-prospects-2024,https://api.imf.org/external/sdmx/3.0/data/dataflow/IMF.RES/WEO/9.0.0/,https://api.worldbank.org/v2/
ETH,Ethiopia,ETH,ETH,2003,1.59,73832663,73832663,1,0,no,Single-country territory; UN WPP and vanilla are within the ±5% review threshold.,24199415205,38477070176,521,185,891,185,891,521,kept_vanilla,38477070176,24199415205,ETH: UN WPP 2024 Medium exact 2003,ETH: IMF exact 2003,ETH: IMF exact 2003,complete_primary,https://www.un.org/development/desa/pd/world-population-prospects-2024,https://api.imf.org/external/sdmx/3.0/data/dataflow/IMF.RES/WEO/9.0.0/,https://api.worldbank.org/v2/
ETH,Ethiopia,ETH,ETH,2022,1,121738154,125384287,1.029950618439639,2.9950618439638976,no,Single-country territory; UN WPP and vanilla are within the ±5% review threshold.,303721440000,303721440000,2495,949,2873,949,2873,2495,kept_vanilla,312818084961,312818084961,ETH: UN WPP 2024 Medium exact 2022,ETH: IMF exact 2022,ETH: IMF exact 2022,complete_primary,https://www.un.org/development/desa/pd/world-population-prospects-2024,https://api.imf.org/external/sdmx/3.0/data/dataflow/IMF.RES/WEO/9.0.0/,https://api.worldbank.org/v2/
ETH,Ethiopia,ETH,ETH,2026,0.87,138902185,138902185,1,0,no,Single-country territory; UN WPP and vanilla are within the ±5% review threshold.,426279040000,370862764800,2670,761,3501,761,3501,2670,kept_vanilla,370862764800,426279040000,ETH: UN WPP 2024 Medium exact 2026,ETH: IMF exact 2026,ETH: IMF exact 2026,complete_primary,https://www.un.org/development/desa/pd/world-population-prospects-2024,https://api.imf.org/external/sdmx/3.0/data/dataflow/IMF.RES/WEO/9.0.0/,https://api.worldbank.org/v2/
FIN,Finland,FIN,FIN,2003,1.59,5212955,5212955,1,0,no,Single-country territory; UN WPP and vanilla are within the ±5% review threshold.,98966666667,157357000001,30186,52330,51618,51618,52330,51618,clamped_to_ppp,269081056710,169233369000,FIN: UN WPP 2024 Medium exact 2003,FIN: IMF exact 2003,FIN: IMF exact 2003,complete_primary,https://www.un.org/development/desa/pd/world-population-prospects-2024,https://api.imf.org/external/sdmx/3.0/data/dataflow/IMF.RES/WEO/9.0.0/,https://api.worldbank.org/v2/
FIN,Finland,FIN,FIN,2022,1,5556939,5569299,1.0022242461182316,0.22242461182315765,no,Single-country territory; UN WPP and vanilla are within the ±5% review threshold.,282685040000,282685040000,50871,50361,61584,50361,61584,50871,kept_vanilla,283313801103,283313801103,FIN: UN WPP 2024 Medium exact 2022,FIN: IMF exact 2022,FIN: IMF exact 2022,complete_primary,https://www.un.org/development/desa/pd/world-population-prospects-2024,https://api.imf.org/external/sdmx/3.0/data/dataflow/IMF.RES/WEO/9.0.0/,https://api.worldbank.org/v2/
FIN,Finland,FIN,FIN,2026,0.87,5621739,5621739,1,0,no,Single-country territory; UN WPP and vanilla are within the ±5% review threshold.,328377280000,285688233600,50818,52256,59845,52256,59845,52256,clamped_to_nominal,293771916030,337668869000,FIN: UN WPP 2024 Medium exact 2026,FIN: IMF exact 2026,FIN: IMF exact 2026,complete_primary,https://www.un.org/development/desa/pd/world-population-prospects-2024,https://api.imf.org/external/sdmx/3.0/data/dataflow/IMF.RES/WEO/9.0.0/,https://api.worldbank.org/v2/
EUA,France,FRA+MCO+AND,FRA+MCO+AND+GUF+PYF+NCL+WLF+REU+MYT+GLP+MTQ+SPM,2003,1.59,63253713,63321730,1.0010753044647356,0.10753044647355825,no,"Aggregated metropolitan France, Monaco, Andorra, and the populations represented by the French Guiana, Pacific, Indian Ocean, and West Indies regions.",1122812280702,1785271526316,28224,46597,49092,46597,49092,46597,clamped_to_nominal,2950625732313,1855739454285,FRA: UN WPP 2024 Medium exact 2003; MCO: UN WPP 2024 Medium exact 2003; AND: UN WPP 2024 Medium exact 2003; GUF: UN WPP 2024 Medium exact 2003; PYF: UN WPP 2024 Medium exact 2003; NCL: UN WPP 2024 Medium exact 2003; WLF: UN WPP 2024 Medium exact 2003; REU: UN WPP 2024 Medium exact 2003; MYT: UN WPP 2024 Medium exact 2003; GLP: UN WPP 2024 Medium exact 2003; MTQ: UN WPP 2024 Medium exact 2003; SPM: UN WPP 2024 Medium exact 2003,FRA: IMF exact 2003; MCO: World Bank exact 2003; AND: IMF exact 2003; GUF: nominal GDP/c inferred from global available-country peers median level (210 peers); PYF: World Bank exact 2003; NCL: World Bank exact 2003; WLF: nominal GDP/c inferred from global available-country peers median level (210 peers); REU: nominal GDP/c inferred from global available-country peers median level (210 peers); MYT: nominal GDP/c inferred from global available-country peers median level (210 peers); GLP: nominal GDP/c inferred from global available-country peers median level (210 peers); MTQ: nominal GDP/c inferred from global available-country peers median level (210 peers); SPM: nominal GDP/c inferred from global available-country peers median level (210 peers),FRA: IMF exact 2003; MCO: PPP inferred from filled nominal GDP using Europe & Central Asia; High income median PPP/nominal ratio 1.228 (35 peers); AND: IMF exact 2003; GUF: PPP inferred from filled nominal GDP using global available-country peers median PPP/nominal ratio 2.577 (199 peers); PYF: PPP inferred from filled nominal GDP using East Asia & Pacific; High income median PPP/nominal ratio 1.428 (10 peers); NCL: PPP inferred from filled nominal GDP using East Asia & Pacific; High income median PPP/nominal ratio 1.428 (10 peers); WLF: PPP inferred from filled nominal GDP using global available-country peers median PPP/nominal ratio 2.577 (199 peers); REU: PPP inferred from filled nominal GDP using global available-country peers median PPP/nominal ratio 2.577 (199 peers); MYT: PPP inferred from filled nominal GDP using global available-country peers median PPP/nominal ratio 2.577 (199 peers); GLP: PPP inferred from filled nominal GDP using global available-country peers median PPP/nominal ratio 2.577 (199 peers); MTQ: PPP inferred from filled nominal GDP using global available-country peers median PPP/nominal ratio 2.577 (199 peers); SPM: PPP inferred from filled nominal GDP using global available-country peers median PPP/nominal ratio 2.577 (199 peers),inferred+secondary_source,https://www.un.org/development/desa/pd/world-population-prospects-2024,https://api.imf.org/external/sdmx/3.0/data/dataflow/IMF.RES/WEO/9.0.0/,https://api.worldbank.org/v2/
EUA,France,FRA+MCO+AND,FRA+MCO+AND+GUF+PYF+NCL+WLF+REU+MYT+GLP+MTQ+SPM,2022,1,68676947,69190027,1.0074709203366305,0.7470920336630549,no,"Aggregated metropolitan France, Monaco, Andorra, and the populations represented by the French Guiana, Pacific, Indian Ocean, and West Indies regions.",3249098520000,3249098520000,47310,41066,59336,41066,59336,47310,kept_vanilla,3273372276209,3273372276209,FRA: UN WPP 2024 Medium exact 2022; MCO: UN WPP 2024 Medium exact 2022; AND: UN WPP 2024 Medium exact 2022; GUF: UN WPP 2024 Medium exact 2022; PYF: UN WPP 2024 Medium exact 2022; NCL: UN WPP 2024 Medium exact 2022; WLF: UN WPP 2024 Medium exact 2022; REU: UN WPP 2024 Medium exact 2022; MYT: UN WPP 2024 Medium exact 2022; GLP: UN WPP 2024 Medium exact 2022; MTQ: UN WPP 2024 Medium exact 2022; SPM: UN WPP 2024 Medium exact 2022,FRA: IMF exact 2022; MCO: World Bank exact 2022; AND: IMF exact 2022; GUF: nominal GDP/c inferred from global available-country peers median level (211 peers); PYF: World Bank exact 2022; NCL: World Bank exact 2022; WLF: nominal GDP/c inferred from global available-country peers median level (211 peers); REU: nominal GDP/c inferred from global available-country peers median level (211 peers); MYT: nominal GDP/c inferred from global available-country peers median level (211 peers); GLP: nominal GDP/c inferred from global available-country peers median level (211 peers); MTQ: nominal GDP/c inferred from global available-country peers median level (211 peers); SPM: nominal GDP/c inferred from global available-country peers median level (211 peers),FRA: IMF exact 2022; MCO: PPP inferred from filled nominal GDP using Europe & Central Asia; High income median PPP/nominal ratio 1.515 (36 peers); AND: IMF exact 2022; GUF: PPP inferred from filled nominal GDP using global available-country peers median PPP/nominal ratio 2.283 (203 peers); PYF: PPP inferred from filled nominal GDP using East Asia & Pacific; High income median PPP/nominal ratio 1.411 (10 peers); NCL: PPP inferred from filled nominal GDP using East Asia & Pacific; High income median PPP/nominal ratio 1.411 (10 peers); WLF: PPP inferred from filled nominal GDP using global available-country peers median PPP/nominal ratio 2.283 (203 peers); REU: PPP inferred from filled nominal GDP using global available-country peers median PPP/nominal ratio 2.283 (203 peers); MYT: PPP inferred from filled nominal GDP using global available-country peers median PPP/nominal ratio 2.283 (203 peers); GLP: PPP inferred from filled nominal GDP using global available-country peers median PPP/nominal ratio 2.283 (203 peers); MTQ: PPP inferred from filled nominal GDP using global available-country peers median PPP/nominal ratio 2.283 (203 peers); SPM: PPP inferred from filled nominal GDP using global available-country peers median PPP/nominal ratio 2.283 (203 peers),inferred+secondary_source,https://www.un.org/development/desa/pd/world-population-prospects-2024,https://api.imf.org/external/sdmx/3.0/data/dataflow/IMF.RES/WEO/9.0.0/,https://api.worldbank.org/v2/
EUA,France,FRA+MCO+AND,FRA+MCO+AND+GUF+PYF+NCL+WLF+REU+MYT+GLP+MTQ+SPM,2026,0.87,69636800,69728705,1.0013197763251613,0.1319776325161337,no,"Aggregated metropolitan France, Monaco, Andorra, and the populations represented by the French Guiana, Pacific, Indian Ocean, and West Indies regions.",3989597040000,3470949424800,49844,45524,60239,45524,60239,49844,kept_vanilla,3475530301677,3994862415720,FRA: UN WPP 2024 Medium exact 2026; MCO: UN WPP 2024 Medium exact 2026; AND: UN WPP 2024 Medium exact 2026; GUF: UN WPP 2024 Medium exact 2026; PYF: UN WPP 2024 Medium exact 2026; NCL: UN WPP 2024 Medium exact 2026; WLF: UN WPP 2024 Medium exact 2026; REU: UN WPP 2024 Medium exact 2026; MYT: UN WPP 2024 Medium exact 2026; GLP: UN WPP 2024 Medium exact 2026; MTQ: UN WPP 2024 Medium exact 2026; SPM: UN WPP 2024 Medium exact 2026,"FRA: IMF exact 2026; MCO: peer-growth inference from World Bank 2024; Europe & Central Asia; High income median 6.29%/yr (34 peers, capped at ±8%); AND: IMF exact 2026; GUF: nominal GDP/c inferred from global available-country peers median level (177 peers); PYF: peer-growth inference from World Bank 2024; East Asia & Pacific; High income median 0.65%/yr (6 peers, capped at ±8%); NCL: peer-growth inference from World Bank 2024; East Asia & Pacific; High income median 0.65%/yr (6 peers, capped at ±8%); WLF: nominal GDP/c inferred from global available-country peers median level (177 peers); REU: nominal GDP/c inferred from global available-country peers median level (177 peers); MYT: nominal GDP/c inferred from global available-country peers median level (177 peers); GLP: nominal GDP/c inferred from global available-country peers median level (177 peers); MTQ: nominal GDP/c inferred from global available-country peers median level (177 peers); SPM: nominal GDP/c inferred from global available-country peers median level (177 peers)",FRA: IMF exact 2026; MCO: PPP inferred from filled nominal GDP using Europe & Central Asia; High income median PPP/nominal ratio 1.392 (34 peers); AND: IMF exact 2026; GUF: PPP inferred from filled nominal GDP using global available-country peers median PPP/nominal ratio 2.285 (177 peers); PYF: PPP inferred from filled nominal GDP using East Asia & Pacific; High income median PPP/nominal ratio 1.635 (6 peers); NCL: PPP inferred from filled nominal GDP using East Asia & Pacific; High income median PPP/nominal ratio 1.635 (6 peers); WLF: PPP inferred from filled nominal GDP using global available-country peers median PPP/nominal ratio 2.285 (177 peers); REU: PPP inferred from filled nominal GDP using global available-country peers median PPP/nominal ratio 2.285 (177 peers); MYT: PPP inferred from filled nominal GDP using global available-country peers median PPP/nominal ratio 2.285 (177 peers); GLP: PPP inferred from filled nominal GDP using global available-country peers median PPP/nominal ratio 2.285 (177 peers); MTQ: PPP inferred from filled nominal GDP using global available-country peers median PPP/nominal ratio 2.285 (177 peers); SPM: PPP inferred from filled nominal GDP using global available-country peers median PPP/nominal ratio 2.285 (177 peers),inferred,https://www.un.org/development/desa/pd/world-population-prospects-2024,https://api.imf.org/external/sdmx/3.0/data/dataflow/IMF.RES/WEO/9.0.0/,https://api.worldbank.org/v2/
LWG,Gabon,GAB,GAB,2003,1.59,1382350,1382350,1,0,no,Single-country territory; UN WPP and vanilla are within the ±5% review threshold.,9822807018,15618263159,11298,7488,19340,7488,19340,11298,kept_vanilla,15618263159,9822807018,GAB: UN WPP 2024 Medium exact 2003,GAB: IMF exact 2003,GAB: IMF exact 2003,complete_primary,https://www.un.org/development/desa/pd/world-population-prospects-2024,https://api.imf.org/external/sdmx/3.0/data/dataflow/IMF.RES/WEO/9.0.0/,https://api.worldbank.org/v2/
LWG,Gabon,GAB,GAB,2022,1,2347945,2430747,1.0352657323744807,3.526573237448072,no,Single-country territory; UN WPP and vanilla are within the ±5% review threshold.,33945120000,33945120000,14457,8427,19989,8427,19989,14457,kept_vanilla,35142219517,35142219517,GAB: UN WPP 2024 Medium exact 2022,GAB: IMF exact 2022,GAB: IMF exact 2022,complete_primary,https://www.un.org/development/desa/pd/world-population-prospects-2024,https://api.imf.org/external/sdmx/3.0/data/dataflow/IMF.RES/WEO/9.0.0/,https://api.worldbank.org/v2/
LWG,Gabon,GAB,GAB,2026,0.87,2647400,2647399,0.9999996222709073,-0.00003777290926709753,no,Single-country territory; UN WPP and vanilla are within the ±5% review threshold.,50551600000,43979892000,16612,7678,20010,7678,20010,16612,kept_vanilla,43979875388,50551580905,GAB: UN WPP 2024 Medium exact 2026,GAB: IMF exact 2026,GAB: IMF exact 2026,complete_primary,https://www.un.org/development/desa/pd/world-population-prospects-2024,https://api.imf.org/external/sdmx/3.0/data/dataflow/IMF.RES/WEO/9.0.0/,https://api.worldbank.org/v2/
GAM,Gambia,GMB,GMB,2003,1.59,1577611,1577611,1,0,no,Single-country territory; UN WPP and vanilla are within the ±5% review threshold.,1533918129,2438929825,1546,849,2644,849,2644,1546,kept_vanilla,2438929825,1533918129,GMB: UN WPP 2024 Medium exact 2003,GMB: IMF exact 2003,GMB: IMF exact 2003,complete_primary,https://www.un.org/development/desa/pd/world-population-prospects-2024,https://api.imf.org/external/sdmx/3.0/data/dataflow/IMF.RES/WEO/9.0.0/,https://api.worldbank.org/v2/
GAM,Gambia,GMB,GMB,2022,1,2581165,2636470,1.021426371425306,2.1426371425306012,no,Single-country territory; UN WPP and vanilla are within the ±5% review threshold.,5976960000,5976960000,2316,810,3067,810,3067,2316,kept_vanilla,6105024565,6105024565,GMB: UN WPP 2024 Medium exact 2022,GMB: IMF exact 2022,GMB: IMF exact 2022,complete_primary,https://www.un.org/development/desa/pd/world-population-prospects-2024,https://api.imf.org/external/sdmx/3.0/data/dataflow/IMF.RES/WEO/9.0.0/,https://api.worldbank.org/v2/
GAM,Gambia,GMB,GMB,2026,0.87,2884080,2884079,0.9999996532689801,-0.00003467310198956852,no,Single-country territory; UN WPP and vanilla are within the ±5% review threshold.,9103600000,7920132000,2746,842,3416,842,3416,2746,kept_vanilla,7920129254,9103596843,GMB: UN WPP 2024 Medium exact 2026,GMB: IMF exact 2026,GMB: IMF exact 2026,complete_primary,https://www.un.org/development/desa/pd/world-population-prospects-2024,https://api.imf.org/external/sdmx/3.0/data/dataflow/IMF.RES/WEO/9.0.0/,https://api.worldbank.org/v2/
GEO,Georgia,GEO,GEO,2003,1.59,4085483,4085483,1,0,no,Single-country territory; UN WPP and vanilla are within the ±5% review threshold.,10794736842,17163631579,4201,1597,7184,1597,7184,4201,kept_vanilla,17163631579,10794736842,GEO: UN WPP 2024 Medium exact 2003,GEO: IMF exact 2003,GEO: IMF exact 2003,complete_primary,https://www.un.org/development/desa/pd/world-population-prospects-2024,https://api.imf.org/external/sdmx/3.0/data/dataflow/IMF.RES/WEO/9.0.0/,https://api.worldbank.org/v2/
GEO,Georgia,GEO,GEO,2022,1,3965244,3794784,0.9570114726861702,-4.2988527313829845,no,Single-country territory; UN WPP and vanilla are within the ±5% review threshold.,60839680000,60839680000,15343,6584,21971,6584,21971,15343,kept_vanilla,58224271755,58224271755,GEO: UN WPP 2024 Medium exact 2022,GEO: IMF exact 2022,GEO: IMF exact 2022,complete_primary,https://www.un.org/development/desa/pd/world-population-prospects-2024,https://api.imf.org/external/sdmx/3.0/data/dataflow/IMF.RES/WEO/9.0.0/,https://api.worldbank.org/v2/
GEO,Georgia,GEO,GEO,2026,0.87,3804642,3804642,1,0,no,Single-country territory; UN WPP and vanilla are within the ±5% review threshold.,99953040000,86959144800,22856,9768,28686,9768,28686,22856,kept_vanilla,86959144800,99953040000,GEO: UN WPP 2024 Medium exact 2026,GEO: IMF exact 2026,GEO: IMF exact 2026,complete_primary,https://www.un.org/development/desa/pd/world-population-prospects-2024,https://api.imf.org/external/sdmx/3.0/data/dataflow/IMF.RES/WEO/9.0.0/,https://api.worldbank.org/v2/
DEU,Germany,DEU,DEU,2003,1.59,82111616,82111615,0.9999999878214552,-0.000001217854483925862,no,Single-country territory; UN WPP and vanilla are within the ±5% review threshold.,1629042105263,2590176947368,31545,49070,53971,49070,53971,49070,clamped_to_nominal,4029188532420,2534080838000,DEU: UN WPP 2024 Medium exact 2003,DEU: IMF exact 2003,DEU: IMF exact 2003,complete_primary,https://www.un.org/development/desa/pd/world-population-prospects-2024,https://api.imf.org/external/sdmx/3.0/data/dataflow/IMF.RES/WEO/9.0.0/,https://api.worldbank.org/v2/
DEU,Germany,DEU,DEU,2022,1,83868087,84086227,1.0026009893369812,0.2600989336981163,no,Single-country territory; UN WPP and vanilla are within the ±5% review threshold.,4637567440000,4637567440000,55296,50000,68028,50000,68028,55296,kept_vanilla,4649629703461,4649629703461,DEU: UN WPP 2024 Medium exact 2022,DEU: IMF exact 2022,DEU: IMF exact 2022,complete_primary,https://www.un.org/development/desa/pd/world-population-prospects-2024,https://api.imf.org/external/sdmx/3.0/data/dataflow/IMF.RES/WEO/9.0.0/,https://api.worldbank.org/v2/
DEU,Germany,DEU,DEU,2026,0.87,83644258,83644258,1,0,no,Single-country territory; UN WPP and vanilla are within the ±5% review threshold.,5415292080000,4711304109600,56325,56716,66655,56716,66655,56716,clamped_to_nominal,4743986444340,5452857982000,DEU: UN WPP 2024 Medium exact 2026,DEU: IMF exact 2026,DEU: IMF exact 2026,complete_primary,https://www.un.org/development/desa/pd/world-population-prospects-2024,https://api.imf.org/external/sdmx/3.0/data/dataflow/IMF.RES/WEO/9.0.0/,https://api.worldbank.org/v2/
GHA,Ghana,GHA,GHA,2003,1.59,21296705,21296705,1,0,no,Single-country territory; UN WPP and vanilla are within the ±5% review threshold.,29340350877,46651157894,2191,1403,3746,1403,3746,2191,kept_vanilla,46651157894,29340350877,GHA: UN WPP 2024 Medium exact 2003,GHA: IMF exact 2003,GHA: IMF exact 2003,complete_primary,https://www.un.org/development/desa/pd/world-population-prospects-2024,https://api.imf.org/external/sdmx/3.0/data/dataflow/IMF.RES/WEO/9.0.0/,https://api.worldbank.org/v2/
GHA,Ghana,GHA,GHA,2022,1,32603382,33149152,1.0167396744300945,1.6739674430094498,no,Single-country territory; UN WPP and vanilla are within the ±5% review threshold.,190674880000,190674880000,5848,2230,7208,2230,7208,5848,kept_vanilla,193866715413,193866715413,GHA: UN WPP 2024 Medium exact 2022,GHA: IMF exact 2022,GHA: IMF exact 2022,complete_primary,https://www.un.org/development/desa/pd/world-population-prospects-2024,https://api.imf.org/external/sdmx/3.0/data/dataflow/IMF.RES/WEO/9.0.0/,https://api.worldbank.org/v2/
GHA,Ghana,GHA,GHA,2026,0.87,35697557,35697557,1,0,no,Single-country territory; UN WPP and vanilla are within the ±5% review threshold.,259703840000,225942340800,6329,2883,7931,2883,7931,6329,kept_vanilla,225942340800,259703840000,GHA: UN WPP 2024 Medium exact 2026,GHA: IMF exact 2026,GHA: IMF exact 2026,complete_primary,https://www.un.org/development/desa/pd/world-population-prospects-2024,https://api.imf.org/external/sdmx/3.0/data/dataflow/IMF.RES/WEO/9.0.0/,https://api.worldbank.org/v2/
GRE,Greece,GRC+CYP,GRC+CYP,2003,1.59,11918061,11918061,1,0,no,Aggregated all explicit game ISO components; reviewed as a composite game country rather than comparing it with only the first sovereign state.,162307602339,258069087719,21654,28208,38800,28208,38800,28208,clamped_to_nominal,336179210940,211433466000,GRC: UN WPP 2024 Medium exact 2003; CYP: UN WPP 2024 Medium exact 2003,GRC: IMF exact 2003; CYP: IMF exact 2003,GRC: IMF exact 2003; CYP: IMF exact 2003,complete_primary,https://www.un.org/development/desa/pd/world-population-prospects-2024,https://api.imf.org/external/sdmx/3.0/data/dataflow/IMF.RES/WEO/9.0.0/,https://api.worldbank.org/v2/
GRE,Greece,GRC+CYP,GRC+CYP,2022,1,11140449,11743850,1.0541630772691477,5.416307726914771,yes — reviewed,Aggregated all explicit game ISO components; reviewed as a composite game country rather than comparing it with only the first sovereign state.,371795600000,371795600000,33373,21237,38595,21237,38595,33373,kept_vanilla,391933193811,391933193811,GRC: UN WPP 2024 Medium exact 2022; CYP: UN WPP 2024 Medium exact 2022,GRC: IMF exact 2022; CYP: IMF exact 2022,GRC: IMF exact 2022; CYP: IMF exact 2022,complete_primary,https://www.un.org/development/desa/pd/world-population-prospects-2024,https://api.imf.org/external/sdmx/3.0/data/dataflow/IMF.RES/WEO/9.0.0/,https://api.worldbank.org/v2/
GRE,Greece,GRC+CYP,GRC+CYP,2026,0.87,11279450,11279449,0.9999999113431949,-0.000008865680511949137,no,Aggregated all explicit game ISO components; reviewed as a composite game country rather than comparing it with only the first sovereign state.,411479200000,357986904000,31738,27206,42886,27206,42886,31738,kept_vanilla,357986872262,411479163520,GRC: UN WPP 2024 Medium exact 2026; CYP: UN WPP 2024 Medium exact 2026,GRC: IMF exact 2026; CYP: IMF exact 2026,GRC: IMF exact 2026; CYP: IMF exact 2026,complete_primary,https://www.un.org/development/desa/pd/world-population-prospects-2024,https://api.imf.org/external/sdmx/3.0/data/dataflow/IMF.RES/WEO/9.0.0/,https://api.worldbank.org/v2/
GTM,Guatemala,GTM,GTM,2003,1.59,12525842,12525842,1,0,no,Single-country territory; UN WPP and vanilla are within the ±5% review threshold.,43738011696,69543438597,5552,2931,9494,2931,9494,5552,kept_vanilla,69543438597,43738011696,GTM: UN WPP 2024 Medium exact 2003,GTM: IMF exact 2003,GTM: IMF exact 2003,complete_primary,https://www.un.org/development/desa/pd/world-population-prospects-2024,https://api.imf.org/external/sdmx/3.0/data/dataflow/IMF.RES/WEO/9.0.0/,https://api.worldbank.org/v2/
GTM,Guatemala,GTM,GTM,2022,1,18688544,17847877,0.9550169879472686,-4.498301205273137,no,Single-country territory; UN WPP and vanilla are within the ±5% review threshold.,163216240000,163216240000,8733,5359,13012,5359,13012,8733,kept_vanilla,155874281909,155874281909,GTM: UN WPP 2024 Medium exact 2022,GTM: IMF exact 2022,GTM: IMF exact 2022,complete_primary,https://www.un.org/development/desa/pd/world-population-prospects-2024,https://api.imf.org/external/sdmx/3.0/data/dataflow/IMF.RES/WEO/9.0.0/,https://api.worldbank.org/v2/
GTM,Guatemala,GTM,GTM,2026,0.87,18967978,18967978,1,0,no,Single-country territory; UN WPP and vanilla are within the ±5% review threshold.,248893040000,216536944800,11416,5912,13907,5912,13907,11416,kept_vanilla,216536944800,248893040000,GTM: UN WPP 2024 Medium exact 2026,GTM: IMF exact 2026,GTM: IMF exact 2026,complete_primary,https://www.un.org/development/desa/pd/world-population-prospects-2024,https://api.imf.org/external/sdmx/3.0/data/dataflow/IMF.RES/WEO/9.0.0/,https://api.worldbank.org/v2/
GIN,Guinea,GIN,GIN,2003,1.59,8870781,8870781,1,0,no,Single-country territory; UN WPP and vanilla are within the ±5% review threshold.,7964912281,12664210527,1428,853,2441,853,2441,1428,kept_vanilla,12664210527,7964912281,GIN: UN WPP 2024 Medium exact 2003,GIN: IMF exact 2003,GIN: IMF exact 2003,complete_primary,https://www.un.org/development/desa/pd/world-population-prospects-2024,https://api.imf.org/external/sdmx/3.0/data/dataflow/IMF.RES/WEO/9.0.0/,https://api.worldbank.org/v2/
GIN,Guinea,GIN,GIN,2022,1,13982341,14055137,1.0052062812657765,0.5206281265776491,no,Single-country territory; UN WPP and vanilla are within the ±5% review threshold.,39120400000,39120400000,2798,1394,4062,1394,4062,2798,kept_vanilla,39324071806,39324071806,GIN: UN WPP 2024 Medium exact 2022,GIN: IMF exact 2022,GIN: IMF exact 2022,complete_primary,https://www.un.org/development/desa/pd/world-population-prospects-2024,https://api.imf.org/external/sdmx/3.0/data/dataflow/IMF.RES/WEO/9.0.0/,https://api.worldbank.org/v2/
GIN,Guinea,GIN,GIN,2026,0.87,15441993,15441993,1,0,no,Single-country territory; UN WPP and vanilla are within the ±5% review threshold.,66045760000,57459811200,3721,1686,4724,1686,4724,3721,kept_vanilla,57459811200,66045760000,GIN: UN WPP 2024 Medium exact 2026,GIN: IMF exact 2026,GIN: IMF exact 2026,complete_primary,https://www.un.org/development/desa/pd/world-population-prospects-2024,https://api.imf.org/external/sdmx/3.0/data/dataflow/IMF.RES/WEO/9.0.0/,https://api.worldbank.org/v2/
GNB,Guinea-Bissau,GNB,GNB,2003,1.59,1318806,1318806,1,0,no,Single-country territory; UN WPP and vanilla are within the ±5% review threshold.,1056725146,1680192982,1274,667,2179,667,2179,1274,kept_vanilla,1680192982,1056725146,GNB: UN WPP 2024 Medium exact 2003,GNB: IMF exact 2003,GNB: IMF exact 2003,complete_primary,https://www.un.org/development/desa/pd/world-population-prospects-2024,https://api.imf.org/external/sdmx/3.0/data/dataflow/IMF.RES/WEO/9.0.0/,https://api.worldbank.org/v2/
GNB,Guinea-Bissau,GNB,GNB,2022,1,2078481,2105529,1.0130133496529437,1.301334965294365,no,Single-country territory; UN WPP and vanilla are within the ±5% review threshold.,4645520000,4645520000,2235,817,2493,817,2493,2235,kept_vanilla,4705973776,4705973776,GNB: UN WPP 2024 Medium exact 2022,GNB: IMF exact 2022,GNB: IMF exact 2022,complete_primary,https://www.un.org/development/desa/pd/world-population-prospects-2024,https://api.imf.org/external/sdmx/3.0/data/dataflow/IMF.RES/WEO/9.0.0/,https://api.worldbank.org/v2/
GNB,Guinea-Bissau,GNB,GNB,2026,0.87,2297808,2297808,1,0,no,Single-country territory; UN WPP and vanilla are within the ±5% review threshold.,5825600000,5068272000,2206,1130,2726,1130,2726,2206,kept_vanilla,5068272000,5825600000,GNB: UN WPP 2024 Medium exact 2026,GNB: IMF exact 2026,GNB: IMF exact 2026,complete_primary,https://www.un.org/development/desa/pd/world-population-prospects-2024,https://api.imf.org/external/sdmx/3.0/data/dataflow/IMF.RES/WEO/9.0.0/,https://api.worldbank.org/v2/
GUS,Gulf States,QAT+BHR,QAT+BHR,2003,1.59,1555958,1555958,1,0,no,Aggregated all explicit game ISO components; reviewed as a composite game country rather than comparing it with only the first sovereign state.,44619883041,70945614035,45596,36033,77969,36033,77969,45596,kept_vanilla,70945614035,44619883041,QAT: UN WPP 2024 Medium exact 2003; BHR: UN WPP 2024 Medium exact 2003,QAT: IMF exact 2003; BHR: IMF exact 2003,QAT: IMF exact 2003; BHR: IMF exact 2003,complete_primary,https://www.un.org/development/desa/pd/world-population-prospects-2024,https://api.imf.org/external/sdmx/3.0/data/dataflow/IMF.RES/WEO/9.0.0/,https://api.worldbank.org/v2/
GUS,Gulf States,QAT+BHR,QAT+BHR,2022,1,4789451,4425914,0.9240963108297798,-7.590368917022017,yes — reviewed,Aggregated all explicit game ISO components; reviewed as a composite game country rather than comparing it with only the first sovereign state.,341775280000,341775280000,71360,63753,95034,63753,95034,71360,kept_vanilla,315833275381,315833275381,QAT: UN WPP 2024 Medium exact 2022; BHR: UN WPP 2024 Medium exact 2022,QAT: IMF exact 2022; BHR: IMF exact 2022,QAT: IMF exact 2022; BHR: IMF exact 2022,complete_primary,https://www.un.org/development/desa/pd/world-population-prospects-2024,https://api.imf.org/external/sdmx/3.0/data/dataflow/IMF.RES/WEO/9.0.0/,https://api.worldbank.org/v2/
GUS,Gulf States,QAT+BHR,QAT+BHR,2026,0.87,4849132,4849131,0.9999997937775256,-0.0000206222474430362,no,Aggregated all explicit game ISO components; reviewed as a composite game country rather than comparing it with only the first sovereign state.,431595120000,375487754400,77434,47772,85092,47772,85092,77434,kept_vanilla,375487676966,431595030995,QAT: UN WPP 2024 Medium exact 2026; BHR: UN WPP 2024 Medium exact 2026,QAT: IMF exact 2026; BHR: IMF exact 2026,QAT: IMF exact 2026; BHR: IMF exact 2026,complete_primary,https://www.un.org/development/desa/pd/world-population-prospects-2024,https://api.imf.org/external/sdmx/3.0/data/dataflow/IMF.RES/WEO/9.0.0/,https://api.worldbank.org/v2/
GUY,Guyana,GUY,GUY,2003,1.59,763101,763101,1,0,no,Single-country territory; UN WPP and vanilla are within the ±5% review threshold.,2716959064,4319964912,5661,3317,9680,3317,9680,5661,kept_vanilla,4319964912,2716959064,GUY: UN WPP 2024 Medium exact 2003,GUY: IMF exact 2003,GUY: IMF exact 2003,complete_primary,https://www.un.org/development/desa/pd/world-population-prospects-2024,https://api.imf.org/external/sdmx/3.0/data/dataflow/IMF.RES/WEO/9.0.0/,https://api.worldbank.org/v2/
GUY,Guyana,GUY,GUY,2022,1,795197,821637,1.0332496224206078,3.3249622420607805,no,Single-country territory; UN WPP and vanilla are within the ±5% review threshold.,26652560000,26652560000,33517,17913,39705,17913,39705,33517,kept_vanilla,27538747557,27538747557,GUY: UN WPP 2024 Medium exact 2022,GUY: IMF exact 2022,GUY: IMF exact 2022,complete_primary,https://www.un.org/development/desa/pd/world-population-prospects-2024,https://api.imf.org/external/sdmx/3.0/data/dataflow/IMF.RES/WEO/9.0.0/,https://api.worldbank.org/v2/
GUY,Guyana,GUY,GUY,2026,0.87,840890,840890,1,0,no,Single-country territory; UN WPP and vanilla are within the ±5% review threshold.,66258720000,57645086400,68552,35136,101145,35136,101145,68552,kept_vanilla,57645086400,66258720000,GUY: UN WPP 2024 Medium exact 2026,GUY: IMF exact 2026,GUY: IMF exact 2026,complete_primary,https://www.un.org/development/desa/pd/world-population-prospects-2024,https://api.imf.org/external/sdmx/3.0/data/dataflow/IMF.RES/WEO/9.0.0/,https://api.worldbank.org/v2/
HTI,Haiti,HTI,HTI,2003,1.59,8759912,8759912,1,0,no,Single-country territory; UN WPP and vanilla are within the ±5% review threshold.,12150292398,19318964913,2205,883,3771,883,3771,2205,kept_vanilla,19318964913,12150292398,HTI: UN WPP 2024 Medium exact 2003,HTI: IMF exact 2003,HTI: IMF exact 2003,complete_primary,https://www.un.org/development/desa/pd/world-population-prospects-2024,https://api.imf.org/external/sdmx/3.0/data/dataflow/IMF.RES/WEO/9.0.0/,https://api.worldbank.org/v2/
HTI,Haiti,HTI,HTI,2022,1,11723285,11503606,0.9812613102897353,-1.873868971026471,no,Single-country territory; UN WPP and vanilla are within the ±5% review threshold.,33858880000,33858880000,2888,1723,3275,1723,3275,2888,kept_vanilla,33224408954,33224408954,HTI: UN WPP 2024 Medium exact 2022,HTI: IMF exact 2022,HTI: IMF exact 2022,complete_primary,https://www.un.org/development/desa/pd/world-population-prospects-2024,https://api.imf.org/external/sdmx/3.0/data/dataflow/IMF.RES/WEO/9.0.0/,https://api.worldbank.org/v2/
HTI,Haiti,HTI,HTI,2026,0.87,12037506,12037506,1,0,no,Single-country territory; UN WPP and vanilla are within the ±5% review threshold.,33614240000,29244388800,2429,2832,2753,2753,2832,2753,clamped_to_ppp,33133332300,38084290000,HTI: UN WPP 2024 Medium exact 2026,HTI: IMF exact 2026,HTI: IMF exact 2026,complete_primary,https://www.un.org/development/desa/pd/world-population-prospects-2024,https://api.imf.org/external/sdmx/3.0/data/dataflow/IMF.RES/WEO/9.0.0/,https://api.worldbank.org/v2/
HON,Honduras,HND,HND,2003,1.59,7119213,7119213,1,0,no,Single-country territory; UN WPP and vanilla are within the ±5% review threshold.,13928654971,22146561404,3111,1838,5320,1838,5320,3111,kept_vanilla,22146561404,13928654971,HND: UN WPP 2024 Medium exact 2003,HND: IMF exact 2003,HND: IMF exact 2003,complete_primary,https://www.un.org/development/desa/pd/world-population-prospects-2024,https://api.imf.org/external/sdmx/3.0/data/dataflow/IMF.RES/WEO/9.0.0/,https://api.worldbank.org/v2/
HON,Honduras,HND,HND,2022,1,10270478,10463872,1.0188300875577554,1.8830087557755393,no,Single-country territory; UN WPP and vanilla are within the ±5% review threshold.,61061440000,61061440000,5945,3003,6804,3003,6804,5945,kept_vanilla,62211232262,62211232262,HND: UN WPP 2024 Medium exact 2022,HND: IMF exact 2022,HND: IMF exact 2022,complete_primary,https://www.un.org/development/desa/pd/world-population-prospects-2024,https://api.imf.org/external/sdmx/3.0/data/dataflow/IMF.RES/WEO/9.0.0/,https://api.worldbank.org/v2/
HON,Honduras,HND,HND,2026,0.87,11184760,11184760,1,0,no,Single-country territory; UN WPP and vanilla are within the ±5% review threshold.,75665920000,65829350400,5886,3228,7154,3228,7154,5886,kept_vanilla,65829350400,75665920000,HND: UN WPP 2024 Medium exact 2026,HND: IMF exact 2026,HND: IMF exact 2026,complete_primary,https://www.un.org/development/desa/pd/world-population-prospects-2024,https://api.imf.org/external/sdmx/3.0/data/dataflow/IMF.RES/WEO/9.0.0/,https://api.worldbank.org/v2/
HUN,Hungary,HUN,HUN,2003,1.59,10108963,10108963,1,0,no,Single-country territory; UN WPP and vanilla are within the ±5% review threshold.,101251461988,160989824561,15925,13399,27230,13399,27230,15925,kept_vanilla,160989824561,101251461988,HUN: UN WPP 2024 Medium exact 2003,HUN: IMF exact 2003,HUN: IMF exact 2003,complete_primary,https://www.un.org/development/desa/pd/world-population-prospects-2024,https://api.imf.org/external/sdmx/3.0/data/dataflow/IMF.RES/WEO/9.0.0/,https://api.worldbank.org/v2/
HUN,Hungary,HUN,HUN,2022,1,9597877,9684306,1.0090050122542724,0.9005012254272415,no,Single-country territory; UN WPP and vanilla are within the ±5% review threshold.,350484640000,350484640000,36517,18358,43508,18358,43508,36517,kept_vanilla,353640758478,353640758478,HUN: UN WPP 2024 Medium exact 2022,HUN: IMF exact 2022,HUN: IMF exact 2022,complete_primary,https://www.un.org/development/desa/pd/world-population-prospects-2024,https://api.imf.org/external/sdmx/3.0/data/dataflow/IMF.RES/WEO/9.0.0/,https://api.worldbank.org/v2/
HUN,Hungary,HUN,HUN,2026,0.87,9585818,9585818,1,0,no,Single-country territory; UN WPP and vanilla are within the ±5% review threshold.,408688720000,355559186400,37092,24607,43769,24607,43769,37092,kept_vanilla,355559186400,408688720000,HUN: UN WPP 2024 Medium exact 2026,HUN: IMF exact 2026,HUN: IMF exact 2026,complete_primary,https://www.un.org/development/desa/pd/world-population-prospects-2024,https://api.imf.org/external/sdmx/3.0/data/dataflow/IMF.RES/WEO/9.0.0/,https://api.worldbank.org/v2/
ISL,Iceland,ISL,ISL,2003,1.59,289605,289605,1,0,no,Single-country territory; UN WPP and vanilla are within the ±5% review threshold.,5618713450,8933754386,30848,63493,54925,54925,63493,54925,clamped_to_ppp,15906523770,10004103000,ISL: UN WPP 2024 Medium exact 2003,ISL: IMF exact 2003,ISL: IMF exact 2003,complete_primary,https://www.un.org/development/desa/pd/world-population-prospects-2024,https://api.imf.org/external/sdmx/3.0/data/dataflow/IMF.RES/WEO/9.0.0/,https://api.worldbank.org/v2/
ISL,Iceland,ISL,ISL,2022,1,345984,380356,1.0993456344802073,9.934563448020729,yes — reviewed,"Single-country game territory and UN country/area boundary align. The difference is an updated historical estimate/projection vintage, not a geographic-scope mismatch; accept the UN WPP value for a consistent source vintage.",24197000000,24197000000,69937,76708,71963,71963,76708,71963,clamped_to_ppp,27371478000,27371478000,ISL: UN WPP 2024 Medium exact 2022,ISL: IMF exact 2022,ISL: IMF exact 2022,complete_primary,https://www.un.org/development/desa/pd/world-population-prospects-2024,https://api.imf.org/external/sdmx/3.0/data/dataflow/IMF.RES/WEO/9.0.0/,https://api.worldbank.org/v2/
ISL,Iceland,ISL,ISL,2026,0.87,402329,402329,1,0,no,Single-country territory; UN WPP and vanilla are within the ±5% review threshold.,27951440000,24317752800,60442,94715,71203,71203,94715,71203,clamped_to_ppp,28647032880,32927624000,ISL: UN WPP 2024 Medium exact 2026,ISL: IMF exact 2026,ISL: IMF exact 2026,complete_primary,https://www.un.org/development/desa/pd/world-population-prospects-2024,https://api.imf.org/external/sdmx/3.0/data/dataflow/IMF.RES/WEO/9.0.0/,https://api.worldbank.org/v2/
IND,India,IND,IND,2003,1.59,1116803006,1116803006,1,0,no,Single-country territory; UN WPP and vanilla are within the ±5% review threshold.,1453485380117,2311041754386,2069,865,3483,865,3483,2069,kept_vanilla,2311041754386,1453485380117,IND: UN WPP 2024 Medium exact 2003,IND: IMF exact 2003,IND: IMF exact 2003,complete_primary,https://www.un.org/development/desa/pd/world-population-prospects-2024,https://api.imf.org/external/sdmx/3.0/data/dataflow/IMF.RES/WEO/9.0.0/,https://api.worldbank.org/v2/
IND,India,IND,IND,2022,1,1410728025,1425423212,1.0104167399665858,1.0416739966585764,no,Single-country territory; UN WPP and vanilla are within the ±5% review threshold.,10335828800000,10335828800000,7327,2280,8965,2280,8965,7327,kept_vanilla,10443494440949,10443494440949,IND: UN WPP 2024 Medium exact 2022,IND: IMF exact 2022,IND: IMF exact 2022,complete_primary,https://www.un.org/development/desa/pd/world-population-prospects-2024,https://api.imf.org/external/sdmx/3.0/data/dataflow/IMF.RES/WEO/9.0.0/,https://api.worldbank.org/v2/
IND,India,IND,IND,2026,0.87,1476625577,1476625576,0.9999999993227803,-6.772197247428835e-8,no,Single-country territory; UN WPP and vanilla are within the ±5% review threshold.,15588478400000,13561976208000,9184,2447,11137,2447,11137,9184,kept_vanilla,13561976198816,15588478389443,IND: UN WPP 2024 Medium exact 2026,IND: IMF exact 2026,IND: IMF exact 2026,complete_primary,https://www.un.org/development/desa/pd/world-population-prospects-2024,https://api.imf.org/external/sdmx/3.0/data/dataflow/IMF.RES/WEO/9.0.0/,https://api.worldbank.org/v2/
IDN,Indonesia,IDN,IDN,2003,1.59,226111391,225048008,0.9952970834627257,-0.4702916537274282,no,Single-country territory; UN WPP and vanilla are within the ±5% review threshold.,597801754386,950504789474,4204,1804,7222,1804,7222,4204,kept_vanilla,946034644781,594990342629,IDN: UN WPP 2024 Medium exact 2003,IDN: IMF exact 2003,IDN: IMF exact 2003,complete_primary,https://www.un.org/development/desa/pd/world-population-prospects-2024,https://api.imf.org/external/sdmx/3.0/data/dataflow/IMF.RES/WEO/9.0.0/,https://api.worldbank.org/v2/
IDN,Indonesia,IDN,IDN,2022,1,279963464,278830529,0.9959532755316958,-0.404672446830423,no,Single-country territory; UN WPP and vanilla are within the ±5% review threshold.,3515656320000,3515656320000,12558,4731,14283,4731,14283,12558,kept_vanilla,3501429427548,3501429427548,IDN: UN WPP 2024 Medium exact 2022,IDN: IMF exact 2022,IDN: IMF exact 2022,complete_primary,https://www.un.org/development/desa/pd/world-population-prospects-2024,https://api.imf.org/external/sdmx/3.0/data/dataflow/IMF.RES/WEO/9.0.0/,https://api.worldbank.org/v2/
IDN,Indonesia,IDN,IDN,2026,0.87,287707943,287886782,1.0006215991054512,0.062159910545123154,no,Single-country territory; UN WPP and vanilla are within the ±5% review threshold.,4413870560000,3840067387200,13347,4654,16467,4654,16467,13347,kept_vanilla,3842454369653,4416614217992,IDN: UN WPP 2024 Medium exact 2026,IDN: IMF exact 2026,IDN: IMF exact 2026,complete_primary,https://www.un.org/development/desa/pd/world-population-prospects-2024,https://api.imf.org/external/sdmx/3.0/data/dataflow/IMF.RES/WEO/9.0.0/,https://api.worldbank.org/v2/
IRN,Iran,IRN,IRN,2003,1.59,68769339,68769340,1.0000000145413641,0.0000014541364112830024,no,Single-country territory; UN WPP and vanilla are within the ±5% review threshold.,391273684211,622125157895,9047,4470,15970,4470,15970,9047,kept_vanilla,622125166942,391273689900,IRN: UN WPP 2024 Medium exact 2003,IRN: IMF exact 2003,IRN: IMF exact 2003,complete_primary,https://www.un.org/development/desa/pd/world-population-prospects-2024,https://api.imf.org/external/sdmx/3.0/data/dataflow/IMF.RES/WEO/9.0.0/,https://api.worldbank.org/v2/
IRN,Iran,IRN,IRN,2022,1,86332889,89524246,1.0369657153486431,3.6965715348643124,no,Single-country territory; UN WPP and vanilla are within the ±5% review threshold.,1384650960000,1384650960000,16039,4504,17543,4504,17543,16039,kept_vanilla,1435835573245,1435835573245,IRN: UN WPP 2024 Medium exact 2022,IRN: IMF exact 2022,IRN: IMF exact 2022,complete_primary,https://www.un.org/development/desa/pd/world-population-prospects-2024,https://api.imf.org/external/sdmx/3.0/data/dataflow/IMF.RES/WEO/9.0.0/,https://api.worldbank.org/v2/
IRN,Iran,IRN,IRN,2026,0.87,93168497,93168497,1,0,no,Single-country territory; UN WPP and vanilla are within the ±5% review threshold.,1653424960000,1438479715200,15440,2804,16652,2804,16652,15440,kept_vanilla,1438479715200,1653424960000,IRN: UN WPP 2024 Medium exact 2026,IRN: IMF exact 2026,IRN: IMF exact 2026,complete_primary,https://www.un.org/development/desa/pd/world-population-prospects-2024,https://api.imf.org/external/sdmx/3.0/data/dataflow/IMF.RES/WEO/9.0.0/,https://api.worldbank.org/v2/
IRQ,Iraq,IRQ,IRQ,2003,1.59,26802659,26802659,1,0,no,Single-country territory; UN WPP and vanilla are within the ±5% review threshold.,58739766082,93396228070,3485,937,5959,937,5959,3485,kept_vanilla,93396228070,58739766082,IRQ: UN WPP 2024 Medium exact 2003,IRQ: IMF exact 2003,IRQ: IMF exact 2003,complete_primary,https://www.un.org/development/desa/pd/world-population-prospects-2024,https://api.imf.org/external/sdmx/3.0/data/dataflow/IMF.RES/WEO/9.0.0/,https://api.worldbank.org/v2/
IRQ,Iraq,IRQ,IRQ,2022,1,42475419,44070551,1.0375542381347669,3.755423813476688,no,Single-country territory; UN WPP and vanilla are within the ±5% review threshold.,451374880000,451374880000,10627,6536,14429,6536,14429,10627,kept_vanilla,468325919732,468325919732,IRQ: UN WPP 2024 Medium exact 2022,IRQ: IMF exact 2022,IRQ: IMF exact 2022,complete_primary,https://www.un.org/development/desa/pd/world-population-prospects-2024,https://api.imf.org/external/sdmx/3.0/data/dataflow/IMF.RES/WEO/9.0.0/,https://api.worldbank.org/v2/
IRQ,Iraq,IRQ,IRQ,2026,0.87,48007437,48007437,1,0,no,Single-country territory; UN WPP and vanilla are within the ±5% review threshold.,607993760000,528954571200,11018,4798,12151,4798,12151,11018,kept_vanilla,528954571200,607993760000,IRQ: UN WPP 2024 Medium exact 2026,IRQ: IMF exact 2026,IRQ: IMF exact 2026,complete_primary,https://www.un.org/development/desa/pd/world-population-prospects-2024,https://api.imf.org/external/sdmx/3.0/data/dataflow/IMF.RES/WEO/9.0.0/,https://api.worldbank.org/v2/
IRL,Ireland,IRL,IRL,2003,1.59,3992935,3992935,1,0,no,Single-country territory; UN WPP and vanilla are within the ±5% review threshold.,96785380117,153888754386,38540,65556,65830,65556,65830,65556,clamped_to_nominal,261761229360,164629704000,IRL: UN WPP 2024 Medium exact 2003,IRL: IMF exact 2003,IRL: IMF exact 2003,complete_primary,https://www.un.org/development/desa/pd/world-population-prospects-2024,https://api.imf.org/external/sdmx/3.0/data/dataflow/IMF.RES/WEO/9.0.0/,https://api.worldbank.org/v2/
IRL,Ireland,IRL,IRL,2022,1,5031376,5110016,1.0156299191314662,1.5629919131466163,no,Single-country territory; UN WPP and vanilla are within the ±5% review threshold.,557509040000,557509040000,110806,107392,133729,107392,133729,110806,kept_vanilla,566222861210,566222861210,IRL: UN WPP 2024 Medium exact 2022,IRL: IMF exact 2022,IRL: IMF exact 2022,complete_primary,https://www.un.org/development/desa/pd/world-population-prospects-2024,https://api.imf.org/external/sdmx/3.0/data/dataflow/IMF.RES/WEO/9.0.0/,https://api.worldbank.org/v2/
IRL,Ireland,IRL,IRL,2026,0.87,5356950,5356950,1,0,no,Single-country territory; UN WPP and vanilla are within the ±5% review threshold.,648324160000,564042019200,105292,126576,143680,126576,143680,126576,clamped_to_nominal,678061534380,779381074000,IRL: UN WPP 2024 Medium exact 2026,IRL: IMF exact 2026,IRL: IMF exact 2026,complete_primary,https://www.un.org/development/desa/pd/world-population-prospects-2024,https://api.imf.org/external/sdmx/3.0/data/dataflow/IMF.RES/WEO/9.0.0/,https://api.worldbank.org/v2/
ISR,Israel,ISR,ISR,2003,1.59,6502820,6502820,1,0,no,Single-country territory; UN WPP and vanilla are within the ±5% review threshold.,88264912281,140341210527,21582,32099,36711,32099,36711,32099,clamped_to_nominal,208731840330,131277887000,ISR: UN WPP 2024 Medium exact 2003,ISR: IMF exact 2003,ISR: IMF exact 2003,complete_primary,https://www.un.org/development/desa/pd/world-population-prospects-2024,https://api.imf.org/external/sdmx/3.0/data/dataflow/IMF.RES/WEO/9.0.0/,https://api.worldbank.org/v2/
ISR,Israel,ISR,ISR,2022,1,8964143,9103151,1.0155071154041162,1.55071154041162,no,Single-country territory; UN WPP and vanilla are within the ±5% review threshold.,420648800000,420648800000,46926,57690,54234,54234,57690,54234,clamped_to_ppp,493701635000,493701635000,ISR: UN WPP 2024 Medium exact 2022,ISR: IMF exact 2022,ISR: IMF exact 2022,complete_primary,https://www.un.org/development/desa/pd/world-population-prospects-2024,https://api.imf.org/external/sdmx/3.0/data/dataflow/IMF.RES/WEO/9.0.0/,https://api.worldbank.org/v2/
ISR,Israel,ISR,ISR,2026,0.87,9647689,9647689,1,0,no,Single-country territory; UN WPP and vanilla are within the ±5% review threshold.,501586800000,436380516000,45232,64914,54955,54955,64914,54955,clamped_to_ppp,530187468210,609410883000,ISR: UN WPP 2024 Medium exact 2026,ISR: IMF exact 2026,ISR: IMF exact 2026,complete_primary,https://www.un.org/development/desa/pd/world-population-prospects-2024,https://api.imf.org/external/sdmx/3.0/data/dataflow/IMF.RES/WEO/9.0.0/,https://api.worldbank.org/v2/
ITA,Italy,ITA+MLT+SMR,ITA+MLT+SMR,2003,1.59,58147925,58175768,1.0004788304999706,0.04788304999705506,no,Aggregated all explicit game ISO components; reviewed as a composite game country rather than comparing it with only the first sovereign state.,1140115204678,1812783175438,31175,43440,53565,43440,53565,43440,clamped_to_nominal,2527179245310,1589420909000,ITA: UN WPP 2024 Medium exact 2003; MLT: UN WPP 2024 Medium exact 2003; SMR: UN WPP 2024 Medium exact 2003,ITA: IMF exact 2003; MLT: IMF exact 2003; SMR: IMF exact 2003,ITA: IMF exact 2003; MLT: IMF exact 2003; SMR: IMF exact 2003,complete_primary,https://www.un.org/development/desa/pd/world-population-prospects-2024,https://api.imf.org/external/sdmx/3.0/data/dataflow/IMF.RES/WEO/9.0.0/,https://api.worldbank.org/v2/
ITA,Italy,ITA+MLT+SMR,ITA+MLT+SMR,2022,1,60710045,60181397,0.9912922482597402,-0.8707751740259839,no,Aggregated all explicit game ISO components; reviewed as a composite game country rather than comparing it with only the first sovereign state.,2646313080000,2646313080000,43589,35335,56267,35335,56267,43589,kept_vanilla,2623269642672,2623269642672,ITA: UN WPP 2024 Medium exact 2022; MLT: UN WPP 2024 Medium exact 2022; SMR: UN WPP 2024 Medium exact 2022,ITA: IMF exact 2022; MLT: IMF exact 2022; SMR: IMF exact 2022,ITA: IMF exact 2022; MLT: IMF exact 2022; SMR: IMF exact 2022,complete_primary,https://www.un.org/development/desa/pd/world-population-prospects-2024,https://api.imf.org/external/sdmx/3.0/data/dataflow/IMF.RES/WEO/9.0.0/,https://api.worldbank.org/v2/
ITA,Italy,ITA+MLT+SMR,ITA+MLT+SMR,2026,0.87,59475177,59508782,1.0005650256408654,0.056502564086535756,no,Aggregated all explicit game ISO components; reviewed as a composite game country rather than comparing it with only the first sovereign state.,3273838480000,2848239477600,47890,40515,57341,40515,57341,47890,kept_vanilla,2849848805936,3275688282685,ITA: UN WPP 2024 Medium exact 2026; MLT: UN WPP 2024 Medium exact 2026; SMR: UN WPP 2024 Medium exact 2026,ITA: IMF exact 2026; MLT: IMF exact 2026; SMR: IMF exact 2026,ITA: IMF exact 2026; MLT: IMF exact 2026; SMR: IMF exact 2026,complete_primary,https://www.un.org/development/desa/pd/world-population-prospects-2024,https://api.imf.org/external/sdmx/3.0/data/dataflow/IMF.RES/WEO/9.0.0/,https://api.worldbank.org/v2/
IVO,Ivory Coast,CIV,CIV,2003,1.59,19125542,19125542,1,0,no,Single-country territory; UN WPP and vanilla are within the ±5% review threshold.,31276608187,49729807017,2600,1763,4446,1763,4446,2600,kept_vanilla,49729807017,31276608187,CIV: UN WPP 2024 Medium exact 2003,CIV: IMF exact 2003,CIV: IMF exact 2003,complete_primary,https://www.un.org/development/desa/pd/world-population-prospects-2024,https://api.imf.org/external/sdmx/3.0/data/dataflow/IMF.RES/WEO/9.0.0/,https://api.worldbank.org/v2/
IVO,Ivory Coast,CIV,CIV,2022,1,27960211,30395002,1.0870805660229101,8.708056602291014,yes — reviewed,"Single-country game territory and UN country/area boundary align. The difference is an updated historical estimate/projection vintage, not a geographic-scope mismatch; accept the UN WPP value for a consistent source vintage.",158451920000,158451920000,5667,2338,6718,2338,6718,5667,kept_vanilla,172250002881,172250002881,CIV: UN WPP 2024 Medium exact 2022,CIV: IMF exact 2022,CIV: IMF exact 2022,complete_primary,https://www.un.org/development/desa/pd/world-population-prospects-2024,https://api.imf.org/external/sdmx/3.0/data/dataflow/IMF.RES/WEO/9.0.0/,https://api.worldbank.org/v2/
IVO,Ivory Coast,CIV,CIV,2026,0.87,33494346,33494346,0.9999999999999999,-1.1102230246251565e-14,no,Single-country territory; UN WPP and vanilla are within the ±5% review threshold.,234812160000,204286579200,6099,2912,7622,2912,7622,6099,kept_vanilla,204286579200,234812160000,CIV: UN WPP 2024 Medium exact 2026,CIV: IMF exact 2026,CIV: IMF exact 2026,complete_primary,https://www.un.org/development/desa/pd/world-population-prospects-2024,https://api.imf.org/external/sdmx/3.0/data/dataflow/IMF.RES/WEO/9.0.0/,https://api.worldbank.org/v2/
JAM,Jamaica,JAM,JAM,2003,1.59,2656623,2656623,1,0,no,Single-country territory; UN WPP and vanilla are within the ±5% review threshold.,11785964912,18739684210,7054,5791,12429,5791,12429,7054,kept_vanilla,18739684210,11785964912,JAM: UN WPP 2024 Medium exact 2003,JAM: IMF exact 2003,JAM: IMF exact 2003,complete_primary,https://www.un.org/development/desa/pd/world-population-prospects-2024,https://api.imf.org/external/sdmx/3.0/data/dataflow/IMF.RES/WEO/9.0.0/,https://api.worldbank.org/v2/
JAM,Jamaica,JAM,JAM,2022,1,2988631,2839144,0.9499814463545349,-5.001855364546515,yes — reviewed,"Single-country game territory and UN country/area boundary align. The difference is an updated historical estimate/projection vintage, not a geographic-scope mismatch; accept the UN WPP value for a consistent source vintage.",28492640000,28492640000,9534,6590,11886,6590,11886,9534,kept_vanilla,27067479358,27067479358,JAM: UN WPP 2024 Medium exact 2022,JAM: IMF exact 2022,JAM: IMF exact 2022,complete_primary,https://www.un.org/development/desa/pd/world-population-prospects-2024,https://api.imf.org/external/sdmx/3.0/data/dataflow/IMF.RES/WEO/9.0.0/,https://api.worldbank.org/v2/
JAM,Jamaica,JAM,JAM,2026,0.87,2833404,2833403,0.9999996470676261,-0.000035293237388156484,no,Single-country territory; UN WPP and vanilla are within the ±5% review threshold.,30514880000,26547945600,9370,7071,11760,7071,11760,9370,kept_vanilla,26547936230,30514869230,JAM: UN WPP 2024 Medium exact 2026,JAM: IMF exact 2026,JAM: IMF exact 2026,complete_primary,https://www.un.org/development/desa/pd/world-population-prospects-2024,https://api.imf.org/external/sdmx/3.0/data/dataflow/IMF.RES/WEO/9.0.0/,https://api.worldbank.org/v2/
JPN,Japan,JPN,JPN,2003,1.59,128582015,127671251,0.9929168632176125,-0.7083136782387478,no,Single-country territory; UN WPP and vanilla are within the ±5% review threshold.,2115683625731,3363936964912,26162,56957,45578,45578,56957,45578,clamped_to_ppp,5819037341670,3659771913000,JPN: UN WPP 2024 Medium exact 2003,JPN: IMF exact 2003,JPN: IMF exact 2003,complete_primary,https://www.un.org/development/desa/pd/world-population-prospects-2024,https://api.imf.org/external/sdmx/3.0/data/dataflow/IMF.RES/WEO/9.0.0/,https://api.worldbank.org/v2/
JPN,Japan,JPN,JPN,2022,1,126337001,124997578,0.9893980149172609,-1.060198508273913,no,Single-country territory; UN WPP and vanilla are within the ±5% review threshold.,5376866000000,5376866000000,42560,35584,50465,35584,50465,42560,kept_vanilla,5319860546876,5319860546876,JPN: UN WPP 2024 Medium exact 2022,JPN: IMF exact 2022,JPN: IMF exact 2022,complete_primary,https://www.un.org/development/desa/pd/world-population-prospects-2024,https://api.imf.org/external/sdmx/3.0/data/dataflow/IMF.RES/WEO/9.0.0/,https://api.worldbank.org/v2/
JPN,Japan,JPN,JPN,2026,0.87,123301089,122427731,0.992916867100825,-0.7083132899174949,no,Single-country territory; UN WPP and vanilla are within the ±5% review threshold.,5947243280000,5174101653600,41963,31120,51607,31120,51607,41963,kept_vanilla,5137452803954,5905118165464,JPN: UN WPP 2024 Medium exact 2026,JPN: IMF exact 2026,JPN: IMF exact 2026,complete_primary,https://www.un.org/development/desa/pd/world-population-prospects-2024,https://api.imf.org/external/sdmx/3.0/data/dataflow/IMF.RES/WEO/9.0.0/,https://api.worldbank.org/v2/
JOR,Jordan,JOR,JOR,2003,1.59,5741828,5741828,1,0,no,Single-country territory; UN WPP and vanilla are within the ±5% review threshold.,22336257310,35514649123,6185,3235,11389,3235,11389,6185,kept_vanilla,35514649123,22336257310,JOR: UN WPP 2024 Medium exact 2003,JOR: IMF exact 2003,JOR: IMF exact 2003,complete_primary,https://www.un.org/development/desa/pd/world-population-prospects-2024,https://api.imf.org/external/sdmx/3.0/data/dataflow/IMF.RES/WEO/9.0.0/,https://api.worldbank.org/v2/
JOR,Jordan,JOR,JOR,2022,1,10305281,11256263,1.0922810353254802,9.228103532548015,yes — reviewed,"Single-country game territory and UN country/area boundary align. The difference is an updated historical estimate/projection vintage, not a geographic-scope mismatch; accept the UN WPP value for a consistent source vintage.",107518400000,107518400000,10433,4761,10881,4761,10881,10433,kept_vanilla,117440309269,117440309269,JOR: UN WPP 2024 Medium exact 2022,JOR: IMF exact 2022,JOR: IMF exact 2022,complete_primary,https://www.un.org/development/desa/pd/world-population-prospects-2024,https://api.imf.org/external/sdmx/3.0/data/dataflow/IMF.RES/WEO/9.0.0/,https://api.worldbank.org/v2/
JOR,Jordan,JOR,JOR,2026,0.87,11589533,11589532,0.9999999137152463,-0.000008628475367533639,no,Single-country territory; UN WPP and vanilla are within the ±5% review threshold.,115875760000,100811911200,8699,4873,11534,4873,11534,8699,kept_vanilla,100811902501,115875750002,JOR: UN WPP 2024 Medium exact 2026,JOR: IMF exact 2026,JOR: IMF exact 2026,complete_primary,https://www.un.org/development/desa/pd/world-population-prospects-2024,https://api.imf.org/external/sdmx/3.0/data/dataflow/IMF.RES/WEO/9.0.0/,https://api.worldbank.org/v2/
KAZ,Kazakhstan,KAZ,KAZ,2003,1.59,15747380,15747380,1,0,no,Single-country territory; UN WPP and vanilla are within the ±5% review threshold.,93819883041,149173614035,9473,3113,16199,3113,16199,9473,kept_vanilla,149173614035,93819883041,KAZ: UN WPP 2024 Medium exact 2003,KAZ: IMF exact 2003,KAZ: IMF exact 2003,complete_primary,https://www.un.org/development/desa/pd/world-population-prospects-2024,https://api.imf.org/external/sdmx/3.0/data/dataflow/IMF.RES/WEO/9.0.0/,https://api.worldbank.org/v2/
KAZ,Kazakhstan,KAZ,KAZ,2022,1,19270456,20034609,1.039654121313995,3.965412131399493,no,Single-country territory; UN WPP and vanilla are within the ±5% review threshold.,519525600000,519525600000,26960,11255,35889,11255,35889,26960,kept_vanilla,540126931168,540126931168,KAZ: UN WPP 2024 Medium exact 2022,KAZ: IMF exact 2022,KAZ: IMF exact 2022,complete_primary,https://www.un.org/development/desa/pd/world-population-prospects-2024,https://api.imf.org/external/sdmx/3.0/data/dataflow/IMF.RES/WEO/9.0.0/,https://api.worldbank.org/v2/
KAZ,Kazakhstan,KAZ,KAZ,2026,0.87,21083626,21083626,1,0,no,Single-country territory; UN WPP and vanilla are within the ±5% review threshold.,795956480000,692482137600,32845,14874,41003,14874,41003,32845,kept_vanilla,692482137600,795956480000,KAZ: UN WPP 2024 Medium exact 2026,KAZ: IMF exact 2026,KAZ: IMF exact 2026,complete_primary,https://www.un.org/development/desa/pd/world-population-prospects-2024,https://api.imf.org/external/sdmx/3.0/data/dataflow/IMF.RES/WEO/9.0.0/,https://api.worldbank.org/v2/
KEN,Kenya,KEN,KEN,2003,1.59,33652223,33652223,1,0,no,Single-country territory; UN WPP and vanilla are within the ±5% review threshold.,48605263158,77282368421,2297,1011,3927,1011,3927,2297,kept_vanilla,77282368421,48605263158,KEN: UN WPP 2024 Medium exact 2003,KEN: IMF exact 2003,KEN: IMF exact 2003,complete_primary,https://www.un.org/development/desa/pd/world-population-prospects-2024,https://api.imf.org/external/sdmx/3.0/data/dataflow/IMF.RES/WEO/9.0.0/,https://api.worldbank.org/v2/
KEN,Kenya,KEN,KEN,2022,1,56602375,54252461,0.9584838268712222,-4.151617312877775,no,Single-country territory; UN WPP and vanilla are within the ±5% review threshold.,271630480000,271630480000,4799,2115,5882,2115,5882,4799,kept_vanilla,260353421965,260353421965,KEN: UN WPP 2024 Medium exact 2022,KEN: IMF exact 2022,KEN: IMF exact 2022,complete_primary,https://www.un.org/development/desa/pd/world-population-prospects-2024,https://api.imf.org/external/sdmx/3.0/data/dataflow/IMF.RES/WEO/9.0.0/,https://api.worldbank.org/v2/
KEN,Kenya,KEN,KEN,2026,0.87,58636411,58636412,1.0000000170542498,0.0000017054249790149356,no,Single-country territory; UN WPP and vanilla are within the ±5% review threshold.,353731840000,307746700800,5248,2185,6458,2185,6458,5248,kept_vanilla,307746706048,353731846033,KEN: UN WPP 2024 Medium exact 2026,KEN: IMF exact 2026,KEN: IMF exact 2026,complete_primary,https://www.un.org/development/desa/pd/world-population-prospects-2024,https://api.imf.org/external/sdmx/3.0/data/dataflow/IMF.RES/WEO/9.0.0/,https://api.worldbank.org/v2/
KOS,Kosovo,KOS,KOS,2003,1.59,1826434,1826434,1,0,no,Single-country territory; UN WPP and vanilla are within the ±5% review threshold.,4871345029,7745438596,4241,2951,7252,2951,7252,4241,kept_vanilla,7745438596,4871345029,KOS: UN WPP 2024 Medium exact 2003,KOS: IMF exact 2003,KOS: IMF exact 2003,complete_primary,https://www.un.org/development/desa/pd/world-population-prospects-2024,https://api.imf.org/external/sdmx/3.0/data/dataflow/IMF.RES/WEO/9.0.0/,https://api.worldbank.org/v2/
KOS,Kosovo,KOS,KOS,2022,1,1768942,1717946,0.9711714685953525,-2.8828531404647473,no,Single-country territory; UN WPP and vanilla are within the ±5% review threshold.,22166320000,22166320000,12531,5457,15206,5457,15206,12531,kept_vanilla,21527297548,21527297548,KOS: UN WPP 2024 Medium exact 2022,KOS: IMF exact 2022,KOS: IMF exact 2022,complete_primary,https://www.un.org/development/desa/pd/world-population-prospects-2024,https://api.imf.org/external/sdmx/3.0/data/dataflow/IMF.RES/WEO/9.0.0/,https://api.worldbank.org/v2/
KOS,Kosovo,KOS,KOS,2026,0.87,1666992,1666992,1,0,no,Single-country territory; UN WPP and vanilla are within the ±5% review threshold.,28295520000,24617102400,14767,7334,17849,7334,17849,14767,kept_vanilla,24617102400,28295520000,KOS: UN WPP 2024 Medium exact 2026,KOS: IMF exact 2026,KOS: IMF exact 2026,complete_primary,https://www.un.org/development/desa/pd/world-population-prospects-2024,https://api.imf.org/external/sdmx/3.0/data/dataflow/IMF.RES/WEO/9.0.0/,https://api.worldbank.org/v2/
KUW,Kuwait,KWT,KWT,2003,1.59,2109881,2109881,1,0,no,Single-country territory; UN WPP and vanilla are within the ±5% review threshold.,57528070175,91469631578,43353,36074,74133,36074,74133,43353,kept_vanilla,91469631578,57528070175,KWT: UN WPP 2024 Medium exact 2003,KWT: IMF exact 2003,KWT: IMF exact 2003,complete_primary,https://www.un.org/development/desa/pd/world-population-prospects-2024,https://api.imf.org/external/sdmx/3.0/data/dataflow/IMF.RES/WEO/9.0.0/,https://api.worldbank.org/v2/
KUW,Kuwait,KWT,KWT,2022,1,4395432,4589511,1.0441547042475006,4.4154704247500565,no,Single-country territory; UN WPP and vanilla are within the ±5% review threshold.,215760160000,215760160000,49087,39991,55038,39991,55038,49087,kept_vanilla,225286986053,225286986053,KWT: UN WPP 2024 Medium exact 2022,KWT: IMF exact 2022,KWT: IMF exact 2022,complete_primary,https://www.un.org/development/desa/pd/world-population-prospects-2024,https://api.imf.org/external/sdmx/3.0/data/dataflow/IMF.RES/WEO/9.0.0/,https://api.worldbank.org/v2/
KUW,Kuwait,KWT,KWT,2026,0.87,5102773,5102773,1,0,no,Single-country territory; UN WPP and vanilla are within the ±5% review threshold.,229242640000,199441096800,39085,29482,48273,29482,48273,39085,kept_vanilla,199441096800,229242640000,KWT: UN WPP 2024 Medium exact 2026,KWT: IMF exact 2026,KWT: IMF exact 2026,complete_primary,https://www.un.org/development/desa/pd/world-population-prospects-2024,https://api.imf.org/external/sdmx/3.0/data/dataflow/IMF.RES/WEO/9.0.0/,https://api.worldbank.org/v2/
KGZ,Kyrgyzstan,KGZ,KGZ,2003,1.59,5159422,5159422,1,0,no,Single-country territory; UN WPP and vanilla are within the ±5% review threshold.,7704678363,12250438597,2374,592,4060,592,4060,2374,kept_vanilla,12250438597,7704678363,KGZ: UN WPP 2024 Medium exact 2003,KGZ: IMF exact 2003,KGZ: IMF exact 2003,complete_primary,https://www.un.org/development/desa/pd/world-population-prospects-2024,https://api.imf.org/external/sdmx/3.0/data/dataflow/IMF.RES/WEO/9.0.0/,https://api.worldbank.org/v2/
KGZ,Kyrgyzstan,KGZ,KGZ,2022,1,6759410,6955788,1.0290525356503009,2.905253565030086,no,Single-country territory; UN WPP and vanilla are within the ±5% review threshold.,33256960000,33256960000,4920,1764,6595,1764,6595,4920,kept_vanilla,34223159016,34223159016,KGZ: UN WPP 2024 Medium exact 2022,KGZ: IMF exact 2022,KGZ: IMF exact 2022,complete_primary,https://www.un.org/development/desa/pd/world-population-prospects-2024,https://api.imf.org/external/sdmx/3.0/data/dataflow/IMF.RES/WEO/9.0.0/,https://api.worldbank.org/v2/
KGZ,Kyrgyzstan,KGZ,KGZ,2026,0.87,7400465,7400465,1,0,no,Single-country territory; UN WPP and vanilla are within the ±5% review threshold.,55840400000,48581148000,6565,2775,8687,2775,8687,6565,kept_vanilla,48581148000,55840400000,KGZ: UN WPP 2024 Medium exact 2026,KGZ: IMF exact 2026,KGZ: IMF exact 2026,complete_primary,https://www.un.org/development/desa/pd/world-population-prospects-2024,https://api.imf.org/external/sdmx/3.0/data/dataflow/IMF.RES/WEO/9.0.0/,https://api.worldbank.org/v2/
LAO,Laos,LAO,LAO,2003,1.59,5697945,5697945,1,0,no,Single-country territory; UN WPP and vanilla are within the ±5% review threshold.,8066081871,12825070175,2251,631,3849,631,3849,2251,kept_vanilla,12825070175,8066081871,LAO: UN WPP 2024 Medium exact 2003,LAO: IMF exact 2003,LAO: IMF exact 2003,complete_primary,https://www.un.org/development/desa/pd/world-population-prospects-2024,https://api.imf.org/external/sdmx/3.0/data/dataflow/IMF.RES/WEO/9.0.0/,https://api.worldbank.org/v2/
LAO,Laos,LAO,LAO,2022,1,7512780,7559007,1.0061531150918834,0.6153115091883432,no,Single-country territory; UN WPP and vanilla are within the ±5% review threshold.,60458640000,60458640000,8047,2000,8639,2000,8639,8047,kept_vanilla,60830648970,60830648970,LAO: UN WPP 2024 Medium exact 2022,LAO: IMF exact 2022,LAO: IMF exact 2022,complete_primary,https://www.un.org/development/desa/pd/world-population-prospects-2024,https://api.imf.org/external/sdmx/3.0/data/dataflow/IMF.RES/WEO/9.0.0/,https://api.worldbank.org/v2/
LAO,Laos,LAO,LAO,2026,0.87,7974018,7974017,0.9999998745927084,-0.000012540729155130492,no,Single-country territory; UN WPP and vanilla are within the ±5% review threshold.,69387120000,60366794400,7570,2069,9436,2069,9436,7570,kept_vanilla,60366786830,69387111298,LAO: UN WPP 2024 Medium exact 2026,LAO: IMF exact 2026,LAO: IMF exact 2026,complete_primary,https://www.un.org/development/desa/pd/world-population-prospects-2024,https://api.imf.org/external/sdmx/3.0/data/dataflow/IMF.RES/WEO/9.0.0/,https://api.worldbank.org/v2/
LVA,Latvia,LVA,LVA,2003,1.59,2288984,2288984,1,0,no,Single-country territory; UN WPP and vanilla are within the ±5% review threshold.,17097076023,27184350877,11876,7814,19170,7814,19170,11876,kept_vanilla,27184350877,17097076023,LVA: UN WPP 2024 Medium exact 2003,LVA: IMF exact 2003,LVA: IMF exact 2003,complete_primary,https://www.un.org/development/desa/pd/world-population-prospects-2024,https://api.imf.org/external/sdmx/3.0/data/dataflow/IMF.RES/WEO/9.0.0/,https://api.worldbank.org/v2/
LVA,Latvia,LVA,LVA,2022,1,1843485,1881063,1.0203842179350524,2.0384217935052407,no,Single-country territory; UN WPP and vanilla are within the ±5% review threshold.,62068160000,62068160000,33669,20219,38934,20219,38934,33669,kept_vanilla,63333370900,63333370900,LVA: UN WPP 2024 Medium exact 2022,LVA: IMF exact 2022,LVA: IMF exact 2022,complete_primary,https://www.un.org/development/desa/pd/world-population-prospects-2024,https://api.imf.org/external/sdmx/3.0/data/dataflow/IMF.RES/WEO/9.0.0/,https://api.worldbank.org/v2/
LVA,Latvia,LVA,LVA,2026,0.87,1835935,1835935,1,0,no,Single-country territory; UN WPP and vanilla are within the ±5% review threshold.,73260880000,63736965600,34716,25440,40335,25440,40335,34716,kept_vanilla,63736965600,73260880000,LVA: UN WPP 2024 Medium exact 2026,LVA: IMF exact 2026,LVA: IMF exact 2026,complete_primary,https://www.un.org/development/desa/pd/world-population-prospects-2024,https://api.imf.org/external/sdmx/3.0/data/dataflow/IMF.RES/WEO/9.0.0/,https://api.worldbank.org/v2/
LEB,Lebanon,LBN,LBN,2003,1.59,4525508,4525508,1,0,no,Single-country territory; UN WPP and vanilla are within the ±5% review threshold.,32277192982,51320736841,11340,6846,19344,6846,19344,11340,kept_vanilla,51320736841,32277192982,LBN: UN WPP 2024 Medium exact 2003,LBN: IMF exact 2003,LBN: IMF exact 2003,complete_primary,https://www.un.org/development/desa/pd/world-population-prospects-2024,https://api.imf.org/external/sdmx/3.0/data/dataflow/IMF.RES/WEO/9.0.0/,https://api.worldbank.org/v2/
LEB,Lebanon,LBN,LBN,2022,1,6654038,5744489,0.8633087157001508,-13.669128429984923,yes — reviewed,"Single-country game territory and UN country/area boundary align. The difference is an updated historical estimate/projection vintage, not a geographic-scope mismatch; accept the UN WPP value for a consistent source vintage.",72286720000,72286720000,10864,4469,11703,4469,11703,10864,kept_vanilla,62405755405,62405755405,LBN: UN WPP 2024 Medium exact 2022,LBN: IMF exact 2022,LBN: IMF exact 2022,complete_primary,https://www.un.org/development/desa/pd/world-population-prospects-2024,https://api.imf.org/external/sdmx/3.0/data/dataflow/IMF.RES/WEO/9.0.0/,https://api.worldbank.org/v2/
LEB,Lebanon,LBN,LBN,2026,0.87,5897467,5897467,1,0,no,Single-country territory; UN WPP and vanilla are within the ±5% review threshold.,55587840000,48361420800,8200,5872,11273,5872,11273,8200,kept_vanilla,48361420800,55587840000,LBN: UN WPP 2024 Medium exact 2026,"LBN: peer-growth inference from IMF 2025; Middle East, North Africa, Afghanistan & Pakistan median 1.83%/yr (18 peers, capped at ±8%)","LBN: peer-growth inference from IMF 2025; Middle East, North Africa, Afghanistan & Pakistan; Lower middle income median -3.91%/yr (5 peers, capped at ±8%)",inferred,https://www.un.org/development/desa/pd/world-population-prospects-2024,https://api.imf.org/external/sdmx/3.0/data/dataflow/IMF.RES/WEO/9.0.0/,https://api.worldbank.org/v2/
LES,Lesotho,LSO,LSO,2003,1.59,1985059,1985059,1,0,no,Single-country territory; UN WPP and vanilla are within the ±5% review threshold.,1772514620,2818298246,1420,1006,2435,1006,2435,1420,kept_vanilla,2818298246,1772514620,LSO: UN WPP 2024 Medium exact 2003,LSO: IMF exact 2003,LSO: IMF exact 2003,complete_primary,https://www.un.org/development/desa/pd/world-population-prospects-2024,https://api.imf.org/external/sdmx/3.0/data/dataflow/IMF.RES/WEO/9.0.0/,https://api.worldbank.org/v2/
LES,Lesotho,LSO,LSO,2022,1,2180787,2286110,1.0482958675010443,4.829586750104431,no,Single-country territory; UN WPP and vanilla are within the ±5% review threshold.,5639040000,5639040000,2586,995,2790,995,2790,2586,kept_vanilla,5911382329,5911382329,LSO: UN WPP 2024 Medium exact 2022,LSO: IMF exact 2022,LSO: IMF exact 2022,complete_primary,https://www.un.org/development/desa/pd/world-population-prospects-2024,https://api.imf.org/external/sdmx/3.0/data/dataflow/IMF.RES/WEO/9.0.0/,https://api.worldbank.org/v2/
LES,Lesotho,LSO,LSO,2026,0.87,2389336,2389336,1,0,no,Single-country territory; UN WPP and vanilla are within the ±5% review threshold.,6520800000,5673096000,2374,1082,2878,1082,2878,2374,kept_vanilla,5673096000,6520800000,LSO: UN WPP 2024 Medium exact 2026,LSO: IMF exact 2026,LSO: IMF exact 2026,complete_primary,https://www.un.org/development/desa/pd/world-population-prospects-2024,https://api.imf.org/external/sdmx/3.0/data/dataflow/IMF.RES/WEO/9.0.0/,https://api.worldbank.org/v2/
CAB,Lesser Antilles States,TTO+BRB+LCA,TTO+BRB+LCA+ATG+DMA+GRD+VCT+KNA,2003,1.59,2182077,2182077,1,0,no,"Added Antigua and Barbuda, Dominica, Grenada, Saint Vincent and the Grenadines, and Saint Kitts and Nevis. The expanded sovereign-island set exactly reproduces the 2003 and 2026 vanilla totals.",19515136183,31029066531,14220,13858,23486,13858,23486,14220,kept_vanilla,31029066531,19515136183,TTO: UN WPP 2024 Medium exact 2003; BRB: UN WPP 2024 Medium exact 2003; LCA: UN WPP 2024 Medium exact 2003; ATG: UN WPP 2024 Medium exact 2003; DMA: UN WPP 2024 Medium exact 2003; GRD: UN WPP 2024 Medium exact 2003; VCT: UN WPP 2024 Medium exact 2003; KNA: UN WPP 2024 Medium exact 2003,TTO: IMF exact 2003; BRB: IMF exact 2003; LCA: IMF exact 2003; ATG: World Bank exact 2003; DMA: World Bank exact 2003; GRD: World Bank exact 2003; VCT: World Bank exact 2003; KNA: World Bank exact 2003,TTO: IMF exact 2003; BRB: IMF exact 2003; LCA: IMF exact 2003; ATG: World Bank exact 2003; DMA: World Bank exact 2003; GRD: World Bank exact 2003; VCT: World Bank exact 2003; KNA: World Bank exact 2003,secondary_source,https://www.un.org/development/desa/pd/world-population-prospects-2024,https://api.imf.org/external/sdmx/3.0/data/dataflow/IMF.RES/WEO/9.0.0/,https://api.worldbank.org/v2/
CAB,Lesser Antilles States,TTO+BRB+LCA,TTO+BRB+LCA+ATG+DMA+GRD+VCT+KNA,2022,1,2332559,2382354,1.0213477987051989,2.1347798705198873,no,"Added Antigua and Barbuda, Dominica, Grenada, Saint Vincent and the Grenadines, and Saint Kitts and Nevis. The expanded sovereign-island set exactly reproduces the 2003 and 2026 vanilla totals.",51929680000,51929680000,22263,18149,27301,18149,27301,22263,kept_vanilla,53038264355,53038264355,TTO: UN WPP 2024 Medium exact 2022; BRB: UN WPP 2024 Medium exact 2022; LCA: UN WPP 2024 Medium exact 2022; ATG: UN WPP 2024 Medium exact 2022; DMA: UN WPP 2024 Medium exact 2022; GRD: UN WPP 2024 Medium exact 2022; VCT: UN WPP 2024 Medium exact 2022; KNA: UN WPP 2024 Medium exact 2022,TTO: IMF exact 2022; BRB: IMF exact 2022; LCA: IMF exact 2022; ATG: World Bank exact 2022; DMA: World Bank exact 2022; GRD: World Bank exact 2022; VCT: World Bank exact 2022; KNA: World Bank exact 2022,TTO: IMF exact 2022; BRB: IMF exact 2022; LCA: IMF exact 2022; ATG: World Bank exact 2022; DMA: World Bank exact 2022; GRD: World Bank exact 2022; VCT: World Bank exact 2022; KNA: World Bank exact 2022,secondary_source,https://www.un.org/development/desa/pd/world-population-prospects-2024,https://api.imf.org/external/sdmx/3.0/data/dataflow/IMF.RES/WEO/9.0.0/,https://api.worldbank.org/v2/
CAB,Lesser Antilles States,TTO+BRB+LCA,TTO+BRB+LCA+ATG+DMA+GRD+VCT+KNA,2026,0.87,2400215,2400216,1.0000004166293437,0.000041662934369135485,no,"Added Antigua and Barbuda, Dominica, Grenada, Saint Vincent and the Grenadines, and Saint Kitts and Nevis. The expanded sovereign-island set exactly reproduces the 2003 and 2026 vanilla totals.",96646000000,84082020000,35031,16501,28551,16501,28551,28551,clamped_to_ppp,68529745120,78769821976,TTO: UN WPP 2024 Medium exact 2026; BRB: UN WPP 2024 Medium exact 2026; LCA: UN WPP 2024 Medium exact 2026; ATG: UN WPP 2024 Medium exact 2026; DMA: UN WPP 2024 Medium exact 2026; GRD: UN WPP 2024 Medium exact 2026; VCT: UN WPP 2024 Medium exact 2026; KNA: UN WPP 2024 Medium exact 2026,"TTO: IMF exact 2026; BRB: IMF exact 2026; LCA: IMF exact 2026; ATG: peer-growth inference from World Bank 2025; Latin America & Caribbean ; High income median 6.09%/yr (9 peers, capped at ±8%); DMA: peer-growth inference from World Bank 2025; Latin America & Caribbean ; Upper middle income median 2.88%/yr (14 peers, capped at ±8%); GRD: peer-growth inference from World Bank 2025; Latin America & Caribbean ; Upper middle income median 2.88%/yr (14 peers, capped at ±8%); VCT: peer-growth inference from World Bank 2025; Latin America & Caribbean ; Upper middle income median 2.88%/yr (14 peers, capped at ±8%); KNA: peer-growth inference from World Bank 2025; Latin America & Caribbean ; High income median 6.09%/yr (9 peers, capped at ±8%)","TTO: IMF exact 2026; BRB: IMF exact 2026; LCA: IMF exact 2026; ATG: peer-growth inference from World Bank 2025; Latin America & Caribbean ; High income median 4.12%/yr (9 peers, capped at ±8%); DMA: peer-growth inference from World Bank 2025; Latin America & Caribbean ; Upper middle income median 1.56%/yr (14 peers, capped at ±8%); GRD: peer-growth inference from World Bank 2025; Latin America & Caribbean ; Upper middle income median 1.56%/yr (14 peers, capped at ±8%); VCT: peer-growth inference from World Bank 2025; Latin America & Caribbean ; Upper middle income median 1.56%/yr (14 peers, capped at ±8%); KNA: peer-growth inference from World Bank 2025; Latin America & Caribbean ; High income median 4.12%/yr (9 peers, capped at ±8%)",inferred,https://www.un.org/development/desa/pd/world-population-prospects-2024,https://api.imf.org/external/sdmx/3.0/data/dataflow/IMF.RES/WEO/9.0.0/,https://api.worldbank.org/v2/
LBR,Liberia,LBR,LBR,2003,1.59,3119532,3119532,1,0,no,Single-country territory; UN WPP and vanilla are within the ±5% review threshold.,1723391813,2740192983,878,364,1502,364,1502,878,kept_vanilla,2740192983,1723391813,LBR: UN WPP 2024 Medium exact 2003,LBR: IMF exact 2003,LBR: IMF exact 2003,complete_primary,https://www.un.org/development/desa/pd/world-population-prospects-2024,https://api.imf.org/external/sdmx/3.0/data/dataflow/IMF.RES/WEO/9.0.0/,https://api.worldbank.org/v2/
LBR,Liberia,LBR,LBR,2022,1,5344396,5373294,1.0054071592000293,0.5407159200029321,no,Single-country territory; UN WPP and vanilla are within the ±5% review threshold.,7722880000,7722880000,1445,740,1689,740,1689,1445,kept_vanilla,7764638842,7764638842,LBR: UN WPP 2024 Medium exact 2022,LBR: IMF exact 2022,LBR: IMF exact 2022,complete_primary,https://www.un.org/development/desa/pd/world-population-prospects-2024,https://api.imf.org/external/sdmx/3.0/data/dataflow/IMF.RES/WEO/9.0.0/,https://api.worldbank.org/v2/
LBR,Liberia,LBR,LBR,2026,0.87,5853949,5853949,1,0,no,Single-country territory; UN WPP and vanilla are within the ±5% review threshold.,10046960000,8740855200,1493,838,1823,838,1823,1493,kept_vanilla,8740855200,10046960000,LBR: UN WPP 2024 Medium exact 2026,LBR: IMF exact 2026,LBR: IMF exact 2026,complete_primary,https://www.un.org/development/desa/pd/world-population-prospects-2024,https://api.imf.org/external/sdmx/3.0/data/dataflow/IMF.RES/WEO/9.0.0/,https://api.worldbank.org/v2/
LBY,Libya,LBY,LBY,2003,1.59,5619398,5619398,1,0,no,Single-country territory; UN WPP and vanilla are within the ±5% review threshold.,57739766082,91806228070,16337,7647,27937,7647,27937,16337,kept_vanilla,91806228070,57739766082,LBY: UN WPP 2024 Medium exact 2003,LBY: IMF exact 2003,LBY: IMF exact 2003,complete_primary,https://www.un.org/development/desa/pd/world-population-prospects-2024,https://api.imf.org/external/sdmx/3.0/data/dataflow/IMF.RES/WEO/9.0.0/,https://api.worldbank.org/v2/
LBY,Libya,LBY,LBY,2022,1,7066241,7223805,1.0222981355999605,2.2298135599960522,no,Single-country territory; UN WPP and vanilla are within the ±5% review threshold.,109406880000,109406880000,15483,5991,12221,5991,12221,12221,clamped_to_ppp,88281278000,88281278000,LBY: UN WPP 2024 Medium exact 2022,LBY: IMF exact 2022,LBY: IMF exact 2022,complete_primary,https://www.un.org/development/desa/pd/world-population-prospects-2024,https://api.imf.org/external/sdmx/3.0/data/dataflow/IMF.RES/WEO/9.0.0/,https://api.worldbank.org/v2/
LBY,Libya,LBY,LBY,2026,0.87,7539851,7539851,1,0,no,Single-country territory; UN WPP and vanilla are within the ±5% review threshold.,109108560000,94924447200,12590,6052,16300,6052,16300,12590,kept_vanilla,94924447200,109108560000,LBY: UN WPP 2024 Medium exact 2026,LBY: IMF exact 2026,LBY: IMF exact 2026,complete_primary,https://www.un.org/development/desa/pd/world-population-prospects-2024,https://api.imf.org/external/sdmx/3.0/data/dataflow/IMF.RES/WEO/9.0.0/,https://api.worldbank.org/v2/
LTU,Lithuania,LTU,LTU,2003,1.59,3415278,3415278,1,0,no,Single-country territory; UN WPP and vanilla are within the ±5% review threshold.,27378362573,43531596491,12746,8753,21520,8753,21520,12746,kept_vanilla,43531596491,27378362573,LTU: UN WPP 2024 Medium exact 2003,LTU: IMF exact 2003,LTU: IMF exact 2003,complete_primary,https://www.un.org/development/desa/pd/world-population-prospects-2024,https://api.imf.org/external/sdmx/3.0/data/dataflow/IMF.RES/WEO/9.0.0/,https://api.worldbank.org/v2/
LTU,Lithuania,LTU,LTU,2022,1,2653472,2816919,1.0615974089796312,6.159740897963117,yes — reviewed,"Single-country game territory and UN country/area boundary align. The difference is an updated historical estimate/projection vintage, not a geographic-scope mismatch; accept the UN WPP value for a consistent source vintage.",114099040000,114099040000,43000,25094,50832,25094,50832,43000,kept_vanilla,121127245231,121127245231,LTU: UN WPP 2024 Medium exact 2022,LTU: IMF exact 2022,LTU: IMF exact 2022,complete_primary,https://www.un.org/development/desa/pd/world-population-prospects-2024,https://api.imf.org/external/sdmx/3.0/data/dataflow/IMF.RES/WEO/9.0.0/,https://api.worldbank.org/v2/
LTU,Lithuania,LTU,LTU,2026,0.87,2797338,2797338,1,0,no,Single-country territory; UN WPP and vanilla are within the ±5% review threshold.,145588960000,126662395200,45280,32938,55027,32938,55027,45280,kept_vanilla,126662395200,145588960000,LTU: UN WPP 2024 Medium exact 2026,LTU: IMF exact 2026,LTU: IMF exact 2026,complete_primary,https://www.un.org/development/desa/pd/world-population-prospects-2024,https://api.imf.org/external/sdmx/3.0/data/dataflow/IMF.RES/WEO/9.0.0/,https://api.worldbank.org/v2/
MDG,Madagascar,MDG,MDG,2003,1.59,18071854,18071854,1,0,no,Single-country territory; UN WPP and vanilla are within the ±5% review threshold.,11947953216,18997245613,1051,561,1798,561,1798,1051,kept_vanilla,18997245613,11947953216,MDG: UN WPP 2024 Medium exact 2003,MDG: IMF exact 2003,MDG: IMF exact 2003,complete_primary,https://www.un.org/development/desa/pd/world-population-prospects-2024,https://api.imf.org/external/sdmx/3.0/data/dataflow/IMF.RES/WEO/9.0.0/,https://api.worldbank.org/v2/
MDG,Madagascar,MDG,MDG,2022,1,29415172,30437261,1.034747000629471,3.4747000629471003,no,Single-country territory; UN WPP and vanilla are within the ±5% review threshold.,45338480000,45338480000,1541,504,1716,504,1716,1541,kept_vanilla,46913856193,46913856193,MDG: UN WPP 2024 Medium exact 2022,MDG: IMF exact 2022,MDG: IMF exact 2022,complete_primary,https://www.un.org/development/desa/pd/world-population-prospects-2024,https://api.imf.org/external/sdmx/3.0/data/dataflow/IMF.RES/WEO/9.0.0/,https://api.worldbank.org/v2/
MDG,Madagascar,MDG,MDG,2026,0.87,33522052,33522052,1.0000000000000002,2.220446049250313e-14,no,Single-country territory; UN WPP and vanilla are within the ±5% review threshold.,56532960000,49183675200,1467,550,1766,550,1766,1467,kept_vanilla,49183675200,56532960000,MDG: UN WPP 2024 Medium exact 2026,MDG: IMF exact 2026,MDG: IMF exact 2026,complete_primary,https://www.un.org/development/desa/pd/world-population-prospects-2024,https://api.imf.org/external/sdmx/3.0/data/dataflow/IMF.RES/WEO/9.0.0/,https://api.worldbank.org/v2/
MAL,Malawi,MWI,MWI,2003,1.59,12181574,12181574,1,0,no,Single-country territory; UN WPP and vanilla are within the ±5% review threshold.,5536842105,8803578947,723,590,1236,590,1236,723,kept_vanilla,8803578947,5536842105,MWI: UN WPP 2024 Medium exact 2003,MWI: IMF exact 2003,MWI: IMF exact 2003,complete_primary,https://www.un.org/development/desa/pd/world-population-prospects-2024,https://api.imf.org/external/sdmx/3.0/data/dataflow/IMF.RES/WEO/9.0.0/,https://api.worldbank.org/v2/
MAL,Malawi,MWI,MWI,2022,1,20349127,20568728,1.0107916668857588,1.0791666885758833,no,Single-country territory; UN WPP and vanilla are within the ±5% review threshold.,31159920000,31159920000,1531,609,1778,609,1778,1531,kept_vanilla,31496187477,31496187477,MWI: UN WPP 2024 Medium exact 2022,MWI: IMF exact 2022,MWI: IMF exact 2022,complete_primary,https://www.un.org/development/desa/pd/world-population-prospects-2024,https://api.imf.org/external/sdmx/3.0/data/dataflow/IMF.RES/WEO/9.0.0/,https://api.worldbank.org/v2/
MAL,Malawi,MWI,MWI,2026,0.87,22785535,22785535,1,0,no,Single-country territory; UN WPP and vanilla are within the ±5% review threshold.,37639360000,32746243200,1437,693,1698,693,1698,1437,kept_vanilla,32746243200,37639360000,MWI: UN WPP 2024 Medium exact 2026,MWI: IMF exact 2026,MWI: IMF exact 2026,complete_primary,https://www.un.org/development/desa/pd/world-population-prospects-2024,https://api.imf.org/external/sdmx/3.0/data/dataflow/IMF.RES/WEO/9.0.0/,https://api.worldbank.org/v2/
MYS,Malaysia,MYS,MYS,2003,1.59,24679602,24679602,1,0,no,Single-country territory; UN WPP and vanilla are within the ±5% review threshold.,192647953216,306310245613,12411,7733,21224,7733,21224,12411,kept_vanilla,306310245613,192647953216,MYS: UN WPP 2024 Medium exact 2003,MYS: IMF exact 2003,MYS: IMF exact 2003,complete_primary,https://www.un.org/development/desa/pd/world-population-prospects-2024,https://api.imf.org/external/sdmx/3.0/data/dataflow/IMF.RES/WEO/9.0.0/,https://api.worldbank.org/v2/
MYS,Malaysia,MYS,MYS,2022,1,33308047,34695493,1.041654979050558,4.165497905055804,no,Single-country territory; UN WPP and vanilla are within the ±5% review threshold.,958759120000,958759120000,28785,11755,34414,11755,34414,28785,kept_vanilla,998696211058,998696211058,MYS: UN WPP 2024 Medium exact 2022,MYS: IMF exact 2022,MYS: IMF exact 2022,complete_primary,https://www.un.org/development/desa/pd/world-population-prospects-2024,https://api.imf.org/external/sdmx/3.0/data/dataflow/IMF.RES/WEO/9.0.0/,https://api.worldbank.org/v2/
MYS,Malaysia,MYS,MYS,2026,0.87,36385114,36385115,1.000000027483767,0.00000274837670399819,no,Single-country territory; UN WPP and vanilla are within the ±5% review threshold.,1300762320000,1131663218400,31102,12348,38461,12348,38461,31102,kept_vanilla,1131663249502,1300762355750,MYS: UN WPP 2024 Medium exact 2026,MYS: IMF exact 2026,MYS: IMF exact 2026,complete_primary,https://www.un.org/development/desa/pd/world-population-prospects-2024,https://api.imf.org/external/sdmx/3.0/data/dataflow/IMF.RES/WEO/9.0.0/,https://api.worldbank.org/v2/
MLD,Maldives,MDV,MDV,2003,1.59,296491,296491,1,0,no,Single-country territory; UN WPP and vanilla are within the ±5% review threshold.,2013450292,3201385964,10798,5642,18515,5642,18515,10798,kept_vanilla,3201385964,2013450292,MDV: UN WPP 2024 Medium exact 2003,MDV: IMF exact 2003,MDV: IMF exact 2003,complete_primary,https://www.un.org/development/desa/pd/world-population-prospects-2024,https://api.imf.org/external/sdmx/3.0/data/dataflow/IMF.RES/WEO/9.0.0/,https://api.worldbank.org/v2/
MLD,Maldives,MDV,MDV,2022,1,539616,524106,0.9712573385518591,-2.874266144814086,no,Single-country territory; UN WPP and vanilla are within the ±5% review threshold.,10018800000,10018800000,18567,11768,22877,11768,22877,18567,kept_vanilla,9730833023,9730833023,MDV: UN WPP 2024 Medium exact 2022,MDV: IMF exact 2022,MDV: IMF exact 2022,complete_primary,https://www.un.org/development/desa/pd/world-population-prospects-2024,https://api.imf.org/external/sdmx/3.0/data/dataflow/IMF.RES/WEO/9.0.0/,https://api.worldbank.org/v2/
MLD,Maldives,MDV,MDV,2026,0.87,531517,531517,1,0,no,Single-country territory; UN WPP and vanilla are within the ±5% review threshold.,13226400000,11506968000,21649,13308,25862,13308,25862,21649,kept_vanilla,11506968000,13226400000,MDV: UN WPP 2024 Medium exact 2026,MDV: IMF exact 2026,MDV: IMF exact 2026,complete_primary,https://www.un.org/development/desa/pd/world-population-prospects-2024,https://api.imf.org/external/sdmx/3.0/data/dataflow/IMF.RES/WEO/9.0.0/,https://api.worldbank.org/v2/
MLI,Mali,MLI,MLI,2003,1.59,12684955,12684955,1,0,no,Single-country territory; UN WPP and vanilla are within the ±5% review threshold.,10854385965,17258473684,1361,692,2797,692,2797,1361,kept_vanilla,17258473684,10854385965,MLI: UN WPP 2024 Medium exact 2003,MLI: IMF exact 2003,MLI: IMF exact 2003,complete_primary,https://www.un.org/development/desa/pd/world-population-prospects-2024,https://api.imf.org/external/sdmx/3.0/data/dataflow/IMF.RES/WEO/9.0.0/,https://api.worldbank.org/v2/
MLI,Mali,MLI,MLI,2022,1,21669157,23072640,1.0647686940474888,6.476869404748875,yes — reviewed,"Single-country game territory and UN country/area boundary align. The difference is an updated historical estimate/projection vintage, not a geographic-scope mismatch; accept the UN WPP value for a consistent source vintage.",55335000000,55335000000,2554,982,3021,982,3021,2554,kept_vanilla,58918975685,58918975685,MLI: UN WPP 2024 Medium exact 2022,MLI: IMF exact 2022,MLI: IMF exact 2022,complete_primary,https://www.un.org/development/desa/pd/world-population-prospects-2024,https://api.imf.org/external/sdmx/3.0/data/dataflow/IMF.RES/WEO/9.0.0/,https://api.worldbank.org/v2/
MLI,Mali,MLI,MLI,2026,0.87,25932275,25932275,1,0,no,Single-country territory; UN WPP and vanilla are within the ±5% review threshold.,64009440000,55688212800,2147,1136,3199,1136,3199,2147,kept_vanilla,55688212800,64009440000,MLI: UN WPP 2024 Medium exact 2026,MLI: IMF exact 2026,MLI: IMF exact 2026,complete_primary,https://www.un.org/development/desa/pd/world-population-prospects-2024,https://api.imf.org/external/sdmx/3.0/data/dataflow/IMF.RES/WEO/9.0.0/,https://api.worldbank.org/v2/
MRT,Mauritania,MRT,MRT,2003,1.59,2802046,2802046,1,0,no,Single-country territory; UN WPP and vanilla are within the ±5% review threshold.,5608187135,8917017545,3182,1164,5442,1164,5442,3182,kept_vanilla,8917017545,5608187135,MRT: UN WPP 2024 Medium exact 2003,MRT: IMF exact 2003,MRT: IMF exact 2003,complete_primary,https://www.un.org/development/desa/pd/world-population-prospects-2024,https://api.imf.org/external/sdmx/3.0/data/dataflow/IMF.RES/WEO/9.0.0/,https://api.worldbank.org/v2/
MRT,Mauritania,MRT,MRT,2022,1,4942138,4875637,0.9865440827431367,-1.3455917256863348,no,Single-country territory; UN WPP and vanilla are within the ±5% review threshold.,26393840000,26393840000,5341,1962,6484,1962,6484,5341,kept_vanilla,26038686673,26038686673,MRT: UN WPP 2024 Medium exact 2022,MRT: IMF exact 2022,MRT: IMF exact 2022,complete_primary,https://www.un.org/development/desa/pd/world-population-prospects-2024,https://api.imf.org/external/sdmx/3.0/data/dataflow/IMF.RES/WEO/9.0.0/,https://api.worldbank.org/v2/
MRT,Mauritania,MRT,MRT,2026,0.87,5461319,5461319,1,0,no,Single-country territory; UN WPP and vanilla are within the ±5% review threshold.,35252800000,30669936000,5616,2286,6995,2286,6995,5616,kept_vanilla,30669936000,35252800000,MRT: UN WPP 2024 Medium exact 2026,MRT: IMF exact 2026,MRT: IMF exact 2026,complete_primary,https://www.un.org/development/desa/pd/world-population-prospects-2024,https://api.imf.org/external/sdmx/3.0/data/dataflow/IMF.RES/WEO/9.0.0/,https://api.worldbank.org/v2/
MRS,Mauritius,MUS,MUS,2003,1.59,1242099,1242099,1,0,no,Single-country territory; UN WPP and vanilla are within the ±5% review threshold.,7485380117,11901754386,9582,7879,16386,7879,16386,9582,kept_vanilla,11901754386,7485380117,MUS: UN WPP 2024 Medium exact 2003,MUS: IMF exact 2003,MUS: IMF exact 2003,complete_primary,https://www.un.org/development/desa/pd/world-population-prospects-2024,https://api.imf.org/external/sdmx/3.0/data/dataflow/IMF.RES/WEO/9.0.0/,https://api.worldbank.org/v2/
MRS,Mauritius,MUS,MUS,2022,1,1275079,1276130,1.0008242626535298,0.08242626535297504,no,Single-country territory; UN WPP and vanilla are within the ±5% review threshold.,27913600000,27913600000,21892,10115,26269,10115,26269,21892,kept_vanilla,27936608138,27936608138,MUS: UN WPP 2024 Medium exact 2022,MUS: IMF exact 2022,MUS: IMF exact 2022,complete_primary,https://www.un.org/development/desa/pd/world-population-prospects-2024,https://api.imf.org/external/sdmx/3.0/data/dataflow/IMF.RES/WEO/9.0.0/,https://api.worldbank.org/v2/
MRS,Mauritius,MUS,MUS,2026,0.87,1265059,1265059,1,0,no,Single-country territory; UN WPP and vanilla are within the ±5% review threshold.,36389760000,31659091200,25026,11773,30442,11773,30442,25026,kept_vanilla,31659091200,36389760000,MUS: UN WPP 2024 Medium exact 2026,MUS: IMF exact 2026,MUS: IMF exact 2026,complete_primary,https://www.un.org/development/desa/pd/world-population-prospects-2024,https://api.imf.org/external/sdmx/3.0/data/dataflow/IMF.RES/WEO/9.0.0/,https://api.worldbank.org/v2/
PCS,Melanesian States,FJI+SLB+VUT,FJI+SLB+VUT,2003,1.59,1533186,1533186,1,0,no,Aggregated all explicit game ISO components; reviewed as a composite game country rather than comparing it with only the first sovereign state.,4354385965,6923473684,4516,3397,7752,3397,7752,4516,kept_vanilla,6923473684,4354385965,FJI: UN WPP 2024 Medium exact 2003; SLB: UN WPP 2024 Medium exact 2003; VUT: UN WPP 2024 Medium exact 2003,FJI: IMF exact 2003; SLB: IMF exact 2003; VUT: IMF exact 2003,FJI: IMF exact 2003; SLB: IMF exact 2003; VUT: IMF exact 2003,complete_primary,https://www.un.org/development/desa/pd/world-population-prospects-2024,https://api.imf.org/external/sdmx/3.0/data/dataflow/IMF.RES/WEO/9.0.0/,https://api.worldbank.org/v2/
PCS,Melanesian States,FJI+SLB+VUT,FJI+SLB+VUT,2022,1,1962081,2013534,1.02622368801288,2.622368801288011,no,Aggregated all explicit game ISO components; reviewed as a composite game country rather than comparing it with only the first sovereign state.,13195600000,13195600000,6725,3762,7321,3762,7321,6725,kept_vanilla,13541637298,13541637298,FJI: UN WPP 2024 Medium exact 2022; SLB: UN WPP 2024 Medium exact 2022; VUT: UN WPP 2024 Medium exact 2022,FJI: IMF exact 2022; SLB: IMF exact 2022; VUT: IMF exact 2022,FJI: IMF exact 2022; SLB: IMF exact 2022; VUT: IMF exact 2022,complete_primary,https://www.un.org/development/desa/pd/world-population-prospects-2024,https://api.imf.org/external/sdmx/3.0/data/dataflow/IMF.RES/WEO/9.0.0/,https://api.worldbank.org/v2/
PCS,Melanesian States,FJI+SLB+VUT,FJI+SLB+VUT,2026,0.87,2138133,2138134,1.0000004676977532,0.0000467697753192553,no,Aggregated all explicit game ISO components; reviewed as a composite game country rather than comparing it with only the first sovereign state.,16621440000,14460652800,6763,3899,8001,3899,8001,6763,kept_vanilla,14460659563,16621447774,FJI: UN WPP 2024 Medium exact 2026; SLB: UN WPP 2024 Medium exact 2026; VUT: UN WPP 2024 Medium exact 2026,FJI: IMF exact 2026; SLB: IMF exact 2026; VUT: IMF exact 2026,FJI: IMF exact 2026; SLB: IMF exact 2026; VUT: IMF exact 2026,complete_primary,https://www.un.org/development/desa/pd/world-population-prospects-2024,https://api.imf.org/external/sdmx/3.0/data/dataflow/IMF.RES/WEO/9.0.0/,https://api.worldbank.org/v2/
MEX,Mexico,MEX,MEX,2003,1.59,102978515,102978515,1,0,no,Single-country territory; UN WPP and vanilla are within the ±5% review threshold.,859568421053,1366713789474,13272,11820,22695,11820,22695,13272,kept_vanilla,1366713789474,859568421053,MEX: UN WPP 2024 Medium exact 2003,MEX: IMF exact 2003,MEX: IMF exact 2003,complete_primary,https://www.un.org/development/desa/pd/world-population-prospects-2024,https://api.imf.org/external/sdmx/3.0/data/dataflow/IMF.RES/WEO/9.0.0/,https://api.worldbank.org/v2/
MEX,Mexico,MEX,MEX,2022,1,131965947,128613117,0.9745932183550352,-2.5406781644964793,no,Single-country territory; UN WPP and vanilla are within the ±5% review threshold.,2543802800000,2543802800000,19276,11406,23188,11406,23188,19276,kept_vanilla,2479172957713,2479172957713,MEX: UN WPP 2024 Medium exact 2022,MEX: IMF exact 2022,MEX: IMF exact 2022,complete_primary,https://www.un.org/development/desa/pd/world-population-prospects-2024,https://api.imf.org/external/sdmx/3.0/data/dataflow/IMF.RES/WEO/9.0.0/,https://api.worldbank.org/v2/
MEX,Mexico,MEX,MEX,2026,0.87,132997658,132997658,1,0,no,Single-country territory; UN WPP and vanilla are within the ±5% review threshold.,3024498400000,2631313608000,19785,13874,23425,13874,23425,19785,kept_vanilla,2631313608000,3024498400000,MEX: UN WPP 2024 Medium exact 2026,MEX: IMF exact 2026,MEX: IMF exact 2026,complete_primary,https://www.un.org/development/desa/pd/world-population-prospects-2024,https://api.imf.org/external/sdmx/3.0/data/dataflow/IMF.RES/WEO/9.0.0/,https://api.worldbank.org/v2/
MCS,Micronesian States,FSM+KIR,FSM+KIR+MHL+NRU+PLW,2003,1.59,287817,287817,1,0,no,"Added the Marshall Islands, Nauru, and Palau. The expanded sovereign-state set reproduces the 2003 and 2026 vanilla totals within one person.",436257310,693649123,2410,3591,4513,3591,4513,3591,clamped_to_nominal,1033518191,650011441,FSM: UN WPP 2024 Medium exact 2003; KIR: UN WPP 2024 Medium exact 2003; MHL: UN WPP 2024 Medium exact 2003; NRU: UN WPP 2024 Medium exact 2003; PLW: UN WPP 2024 Medium exact 2003,FSM: IMF exact 2003; KIR: IMF exact 2003; MHL: World Bank exact 2003; NRU: World Bank exact 2003; PLW: World Bank exact 2003,FSM: IMF exact 2003; KIR: IMF exact 2003; MHL: World Bank exact 2003; NRU: World Bank exact 2003; PLW: World Bank exact 2003,secondary_source,https://www.un.org/development/desa/pd/world-population-prospects-2024,https://api.imf.org/external/sdmx/3.0/data/dataflow/IMF.RES/WEO/9.0.0/,https://api.worldbank.org/v2/
MCS,Micronesian States,FSM+KIR,FSM+KIR+MHL+NRU+PLW,2022,1,331379,312220,0.9421840249382127,-5.781597506178726,yes — reviewed,"Added the Marshall Islands, Nauru, and Palau. The expanded sovereign-state set reproduces the 2003 and 2026 vanilla totals within one person.",1118480000,1118480000,3375,4400,4987,4400,4987,4400,clamped_to_nominal,1373782670,1373782670,FSM: UN WPP 2024 Medium exact 2022; KIR: UN WPP 2024 Medium exact 2022; MHL: UN WPP 2024 Medium exact 2022; NRU: UN WPP 2024 Medium exact 2022; PLW: UN WPP 2024 Medium exact 2022,FSM: IMF exact 2022; KIR: IMF exact 2022; MHL: World Bank exact 2022; NRU: World Bank exact 2022; PLW: World Bank exact 2022,FSM: IMF exact 2022; KIR: IMF exact 2022; MHL: World Bank exact 2022; NRU: World Bank exact 2022; PLW: World Bank exact 2022,secondary_source,https://www.un.org/development/desa/pd/world-population-prospects-2024,https://api.imf.org/external/sdmx/3.0/data/dataflow/IMF.RES/WEO/9.0.0/,https://api.worldbank.org/v2/
MCS,Micronesian States,FSM+KIR,FSM+KIR+MHL+NRU+PLW,2026,0.87,317419,317418,0.9999968495899741,-0.00031504100258539225,no,"Added the Marshall Islands, Nauru, and Palau. The expanded sovereign-state set reproduces the 2003 and 2026 vanilla totals within one person.",1479280000,1286973600,4054,4879,5289,4879,5289,4879,clamped_to_nominal,1548669881,1780080323,FSM: UN WPP 2024 Medium exact 2026; KIR: UN WPP 2024 Medium exact 2026; MHL: UN WPP 2024 Medium exact 2026; NRU: UN WPP 2024 Medium exact 2026; PLW: UN WPP 2024 Medium exact 2026,"FSM: IMF exact 2026; KIR: IMF exact 2026; MHL: peer-growth inference from World Bank 2025; East Asia & Pacific; Upper middle income median -0.13%/yr (11 peers, capped at ±8%); NRU: peer-growth inference from World Bank 2025; East Asia & Pacific; High income median 3.00%/yr (6 peers, capped at ±8%); PLW: peer-growth inference from World Bank 2025; East Asia & Pacific; High income median 3.00%/yr (6 peers, capped at ±8%)","FSM: IMF exact 2026; KIR: IMF exact 2026; MHL: peer-growth inference from World Bank 2025; East Asia & Pacific; Upper middle income median 1.44%/yr (11 peers, capped at ±8%); NRU: peer-growth inference from World Bank 2025; East Asia & Pacific; High income median 2.43%/yr (6 peers, capped at ±8%); PLW: peer-growth inference from World Bank 2025; East Asia & Pacific; High income median 2.43%/yr (6 peers, capped at ±8%)",inferred,https://www.un.org/development/desa/pd/world-population-prospects-2024,https://api.imf.org/external/sdmx/3.0/data/dataflow/IMF.RES/WEO/9.0.0/,https://api.worldbank.org/v2/
MOL,Moldova,MDA,MDA,2003,1.59,4095419,4095419,1,0,no,Single-country territory; UN WPP and vanilla are within the ±5% review threshold.,7904093567,12567508772,3069,769,5257,769,5257,3069,kept_vanilla,12567508772,7904093567,MDA: UN WPP 2024 Medium exact 2003,MDA: IMF exact 2003,MDA: IMF exact 2003,complete_primary,https://www.un.org/development/desa/pd/world-population-prospects-2024,https://api.imf.org/external/sdmx/3.0/data/dataflow/IMF.RES/WEO/9.0.0/,https://api.worldbank.org/v2/
MOL,Moldova,MDA,MDA,2022,1,4009886,3039985,0.7581225501173848,-24.187744988261517,yes — reviewed,"Single-country game territory and UN country/area boundary align. The difference is an updated historical estimate/projection vintage, not a geographic-scope mismatch; accept the UN WPP value for a consistent source vintage.",37385040000,37385040000,9323,4778,13683,4778,13683,9323,kept_vanilla,28342441861,28342441861,MDA: UN WPP 2024 Medium exact 2022,MDA: IMF exact 2022,MDA: IMF exact 2022,complete_primary,https://www.un.org/development/desa/pd/world-population-prospects-2024,https://api.imf.org/external/sdmx/3.0/data/dataflow/IMF.RES/WEO/9.0.0/,https://api.worldbank.org/v2/
MOL,Moldova,MDA,MDA,2026,0.87,2961254,2961253,0.9999996623052261,-0.000033769477392198155,no,Single-country territory; UN WPP and vanilla are within the ±5% review threshold.,40801200000,35497044000,11987,6431,14554,6431,14554,11987,kept_vanilla,35497032013,40801186222,MDA: UN WPP 2024 Medium exact 2026,MDA: IMF exact 2026,MDA: IMF exact 2026,complete_primary,https://www.un.org/development/desa/pd/world-population-prospects-2024,https://api.imf.org/external/sdmx/3.0/data/dataflow/IMF.RES/WEO/9.0.0/,https://api.worldbank.org/v2/
MNG,Mongolia,MNG,MNG,2003,1.59,2521805,2521805,1,0,no,Single-country territory; UN WPP and vanilla are within the ±5% review threshold.,5813450292,9243385964,3665,1006,6268,1006,6268,3665,kept_vanilla,9243385964,5813450292,MNG: UN WPP 2024 Medium exact 2003,MNG: IMF exact 2003,MNG: IMF exact 2003,complete_primary,https://www.un.org/development/desa/pd/world-population-prospects-2024,https://api.imf.org/external/sdmx/3.0/data/dataflow/IMF.RES/WEO/9.0.0/,https://api.worldbank.org/v2/
MNG,Mongolia,MNG,MNG,2022,1,3393295,3386015,0.9978545926599367,-0.2145407340063299,no,Single-country territory; UN WPP and vanilla are within the ±5% review threshold.,40850480000,40850480000,12039,5064,16631,5064,16631,12039,kept_vanilla,40762839080,40762839080,MNG: UN WPP 2024 Medium exact 2022,MNG: IMF exact 2022,MNG: IMF exact 2022,complete_primary,https://www.un.org/development/desa/pd/world-population-prospects-2024,https://api.imf.org/external/sdmx/3.0/data/dataflow/IMF.RES/WEO/9.0.0/,https://api.worldbank.org/v2/
MNG,Mongolia,MNG,MNG,2026,0.87,3556798,3556798,1,0,no,Single-country territory; UN WPP and vanilla are within the ±5% review threshold.,64485520000,56102402400,15773,6959,19665,6959,19665,15773,kept_vanilla,56102402400,64485520000,MNG: UN WPP 2024 Medium exact 2026,MNG: IMF exact 2026,MNG: IMF exact 2026,complete_primary,https://www.un.org/development/desa/pd/world-population-prospects-2024,https://api.imf.org/external/sdmx/3.0/data/dataflow/IMF.RES/WEO/9.0.0/,https://api.worldbank.org/v2/
MNE,Montenegro,MNE,MNE,2003,1.59,633559,633559,1,0,no,Single-country territory; UN WPP and vanilla are within the ±5% review threshold.,3574853801,5684017544,8972,4213,15338,4213,15338,8972,kept_vanilla,5684017544,3574853801,MNE: UN WPP 2024 Medium exact 2003,MNE: IMF exact 2003,MNE: IMF exact 2003,complete_primary,https://www.un.org/development/desa/pd/world-population-prospects-2024,https://api.imf.org/external/sdmx/3.0/data/dataflow/IMF.RES/WEO/9.0.0/,https://api.worldbank.org/v2/
MNE,Montenegro,MNE,MNE,2022,1,627887,614648,0.9789149958511643,-2.108500414883574,no,Single-country territory; UN WPP and vanilla are within the ±5% review threshold.,13618880000,13618880000,21690,10192,28313,10192,28313,21690,kept_vanilla,13331725859,13331725859,MNE: UN WPP 2024 Medium exact 2022,MNE: IMF exact 2022,MNE: IMF exact 2022,complete_primary,https://www.un.org/development/desa/pd/world-population-prospects-2024,https://api.imf.org/external/sdmx/3.0/data/dataflow/IMF.RES/WEO/9.0.0/,https://api.worldbank.org/v2/
MNE,Montenegro,MNE,MNE,2026,0.87,626233,626233,1,0,no,Single-country territory; UN WPP and vanilla are within the ±5% review threshold.,18751920000,16314170400,26051,14208,31521,14208,31521,26051,kept_vanilla,16314170400,18751920000,MNE: UN WPP 2024 Medium exact 2026,MNE: IMF exact 2026,MNE: IMF exact 2026,complete_primary,https://www.un.org/development/desa/pd/world-population-prospects-2024,https://api.imf.org/external/sdmx/3.0/data/dataflow/IMF.RES/WEO/9.0.0/,https://api.worldbank.org/v2/
MAR,Morocco,MAR,MAR,2003,1.59,29571415,29571415,1,0,no,Single-country territory; UN WPP and vanilla are within the ±5% review threshold.,74854385965,119018473684,4025,3030,6882,3030,6882,4025,kept_vanilla,119018473684,74854385965,MAR: UN WPP 2024 Medium exact 2003,MAR: IMF exact 2003,MAR: IMF exact 2003,complete_primary,https://www.un.org/development/desa/pd/world-population-prospects-2024,https://api.imf.org/external/sdmx/3.0/data/dataflow/IMF.RES/WEO/9.0.0/,https://api.worldbank.org/v2/
MAR,Morocco,MAR,MAR,2022,1,38537085,37329064,0.9686530260397225,-3.1346973960277524,no,Single-country territory; UN WPP and vanilla are within the ±5% review threshold.,291756960000,291756960000,7571,3516,9450,3516,9450,7571,kept_vanilla,282611262172,282611262172,MAR: UN WPP 2024 Medium exact 2022,MAR: IMF exact 2022,MAR: IMF exact 2022,complete_primary,https://www.un.org/development/desa/pd/world-population-prospects-2024,https://api.imf.org/external/sdmx/3.0/data/dataflow/IMF.RES/WEO/9.0.0/,https://api.worldbank.org/v2/
MAR,Morocco,MAR,MAR,2026,0.87,38762441,38762441,1,0,no,Single-country territory; UN WPP and vanilla are within the ±5% review threshold.,373886480000,325281237600,8392,4362,10535,4362,10535,8392,kept_vanilla,325281237600,373886480000,MAR: UN WPP 2024 Medium exact 2026,MAR: IMF exact 2026,MAR: IMF exact 2026,complete_primary,https://www.un.org/development/desa/pd/world-population-prospects-2024,https://api.imf.org/external/sdmx/3.0/data/dataflow/IMF.RES/WEO/9.0.0/,https://api.worldbank.org/v2/
MOZ,Mozambique,MOZ,MOZ,2003,1.59,19392475,19392475,1,0,no,Single-country territory; UN WPP and vanilla are within the ±5% review threshold.,6458479532,10268982456,530,540,905,540,905,540,clamped_to_nominal,10467795210,6583519000,MOZ: UN WPP 2024 Medium exact 2003,MOZ: IMF exact 2003,MOZ: IMF exact 2003,complete_primary,https://www.un.org/development/desa/pd/world-population-prospects-2024,https://api.imf.org/external/sdmx/3.0/data/dataflow/IMF.RES/WEO/9.0.0/,https://api.worldbank.org/v2/
MOZ,Mozambique,MOZ,MOZ,2022,1,33382972,32656246,0.978230638063022,-2.1769361936977982,no,Single-country territory; UN WPP and vanilla are within the ±5% review threshold.,41893280000,41893280000,1255,578,1582,578,1582,1255,kept_vanilla,40981290025,40981290025,MOZ: UN WPP 2024 Medium exact 2022,MOZ: IMF exact 2022,MOZ: IMF exact 2022,complete_primary,https://www.un.org/development/desa/pd/world-population-prospects-2024,https://api.imf.org/external/sdmx/3.0/data/dataflow/IMF.RES/WEO/9.0.0/,https://api.worldbank.org/v2/
MOZ,Mozambique,MOZ,MOZ,2026,0.87,36639851,36639851,1,0,no,Single-country territory; UN WPP and vanilla are within the ±5% review threshold.,54518640000,47431216800,1295,553,1486,553,1486,1295,kept_vanilla,47431216800,54518640000,MOZ: UN WPP 2024 Medium exact 2026,MOZ: IMF exact 2026,MOZ: IMF exact 2026,complete_primary,https://www.un.org/development/desa/pd/world-population-prospects-2024,https://api.imf.org/external/sdmx/3.0/data/dataflow/IMF.RES/WEO/9.0.0/,https://api.worldbank.org/v2/
MMR,Myanmar,MMR,MMR,2003,1.59,46667192,46667192,1,0,no,Single-country territory; UN WPP and vanilla are within the ±5% review threshold.,32473099415,51632228070,1106,301,2065,301,2065,1106,kept_vanilla,51632228070,32473099415,MMR: UN WPP 2024 Medium exact 2003,MMR: IMF exact 2003,MMR: IMF exact 2003,complete_primary,https://www.un.org/development/desa/pd/world-population-prospects-2024,https://api.imf.org/external/sdmx/3.0/data/dataflow/IMF.RES/WEO/9.0.0/,https://api.worldbank.org/v2/
MMR,Myanmar,MMR,MMR,2022,1,55359846,53756787,0.9710429288405173,-2.895707115948265,no,Single-country territory; UN WPP and vanilla are within the ±5% review threshold.,226461840000,226461840000,4091,1254,4806,1254,4806,4091,kept_vanilla,219904168384,219904168384,MMR: UN WPP 2024 Medium exact 2022,MMR: IMF exact 2022,MMR: IMF exact 2022,complete_primary,https://www.un.org/development/desa/pd/world-population-prospects-2024,https://api.imf.org/external/sdmx/3.0/data/dataflow/IMF.RES/WEO/9.0.0/,https://api.worldbank.org/v2/
MMR,Myanmar,MMR,MMR,2026,0.87,55184819,55184819,1,0,no,Single-country territory; UN WPP and vanilla are within the ±5% review threshold.,287666720000,250270046400,4535,1322,4624,1322,4624,4535,kept_vanilla,250270046400,287666720000,MMR: UN WPP 2024 Medium exact 2026,MMR: IMF exact 2026,MMR: IMF exact 2026,complete_primary,https://www.un.org/development/desa/pd/world-population-prospects-2024,https://api.imf.org/external/sdmx/3.0/data/dataflow/IMF.RES/WEO/9.0.0/,https://api.worldbank.org/v2/
SWA,Namibia,NAM,NAM,2003,1.59,1917464,1917464,1,0,no,Single-country territory; UN WPP and vanilla are within the ±5% review threshold.,6658479532,10586982456,5521,4124,9441,4124,9441,5521,kept_vanilla,10586982456,6658479532,NAM: UN WPP 2024 Medium exact 2003,NAM: IMF exact 2003,NAM: IMF exact 2003,complete_primary,https://www.un.org/development/desa/pd/world-population-prospects-2024,https://api.imf.org/external/sdmx/3.0/data/dataflow/IMF.RES/WEO/9.0.0/,https://api.worldbank.org/v2/
SWA,Namibia,NAM,NAM,2022,1,2648453,2889662,1.091075431582135,9.107543158213494,yes — reviewed,"Single-country game territory and UN country/area boundary align. The difference is an updated historical estimate/projection vintage, not a geographic-scope mismatch; accept the UN WPP value for a consistent source vintage.",23863840000,23863840000,9010,4348,10661,4348,10661,9010,kept_vanilla,26037249527,26037249527,NAM: UN WPP 2024 Medium exact 2022,NAM: IMF exact 2022,NAM: IMF exact 2022,complete_primary,https://www.un.org/development/desa/pd/world-population-prospects-2024,https://api.imf.org/external/sdmx/3.0/data/dataflow/IMF.RES/WEO/9.0.0/,https://api.worldbank.org/v2/
SWA,Namibia,NAM,NAM,2026,0.87,3153246,3153246,1,0,no,Single-country territory; UN WPP and vanilla are within the ±5% review threshold.,33200640000,28884556800,9160,4777,10857,4777,10857,9160,kept_vanilla,28884556800,33200640000,NAM: UN WPP 2024 Medium exact 2026,NAM: IMF exact 2026,NAM: IMF exact 2026,complete_primary,https://www.un.org/development/desa/pd/world-population-prospects-2024,https://api.imf.org/external/sdmx/3.0/data/dataflow/IMF.RES/WEO/9.0.0/,https://api.worldbank.org/v2/
HYS,Nepal,NPL,NPL,2003,1.59,25688758,25688758,1,0,no,Single-country territory; UN WPP and vanilla are within the ±5% review threshold.,24984210526,39724894736,1546,447,2644,447,2644,1546,kept_vanilla,39724894736,24984210526,NPL: UN WPP 2024 Medium exact 2003,NPL: IMF exact 2003,NPL: IMF exact 2003,complete_primary,https://www.un.org/development/desa/pd/world-population-prospects-2024,https://api.imf.org/external/sdmx/3.0/data/dataflow/IMF.RES/WEO/9.0.0/,https://api.worldbank.org/v2/
HYS,Nepal,NPL,NPL,2022,1,30407421,29715436,0.9772428908061621,-2.2757109193837888,no,Single-country territory; UN WPP and vanilla are within the ±5% review threshold.,121616000000,121616000000,4000,1386,5102,1386,5102,4000,kept_vanilla,118848371408,118848371408,NPL: UN WPP 2024 Medium exact 2022,NPL: IMF exact 2022,NPL: IMF exact 2022,complete_primary,https://www.un.org/development/desa/pd/world-population-prospects-2024,https://api.imf.org/external/sdmx/3.0/data/dataflow/IMF.RES/WEO/9.0.0/,https://api.worldbank.org/v2/
HYS,Nepal,NPL,NPL,2026,0.87,29629410,29629410,1,0,no,Single-country territory; UN WPP and vanilla are within the ±5% review threshold.,158963200000,138297984000,4668,1346,5698,1346,5698,4668,kept_vanilla,138297984000,158963200000,NPL: UN WPP 2024 Medium exact 2026,NPL: IMF exact 2026,NPL: IMF exact 2026,complete_primary,https://www.un.org/development/desa/pd/world-population-prospects-2024,https://api.imf.org/external/sdmx/3.0/data/dataflow/IMF.RES/WEO/9.0.0/,https://api.worldbank.org/v2/
NET,Netherlands,NLD,NLD+ABW+CUW+SXM+BES,2003,1.59,16856460,16654103,0.987995284893744,-1.2004715106256003,no,"Added Aruba, Curaçao, Sint Maarten, and the Caribbean Netherlands because the game includes a Dutch Caribbean region; the 2026 total matches vanilla within two people.",352013450292,559701385964,33204,56057,58146,56057,58146,56057,clamped_to_nominal,933573873176,587153379356,NLD: UN WPP 2024 Medium exact 2003; ABW: UN WPP 2024 Medium exact 2003; CUW: UN WPP 2024 Medium exact 2003; SXM: UN WPP 2024 Medium exact 2003; BES: UN WPP 2024 Medium exact 2003,"NLD: IMF exact 2003; ABW: World Bank exact 2003; CUW: World Bank exact 2003; SXM: peer-growth inference from World Bank 2009; Latin America & Caribbean ; High income median 3.20%/yr (15 peers, capped at ±8%); BES: nominal GDP/c inferred from global available-country peers median level (210 peers)","NLD: IMF exact 2003; ABW: World Bank exact 2003; CUW: World Bank exact 2003; SXM: peer-growth inference from World Bank 2009; Latin America & Caribbean ; High income median 2.57%/yr (14 peers, capped at ±8%); BES: PPP inferred from filled nominal GDP using global available-country peers median PPP/nominal ratio 2.577 (199 peers)",inferred+secondary_source,https://www.un.org/development/desa/pd/world-population-prospects-2024,https://api.imf.org/external/sdmx/3.0/data/dataflow/IMF.RES/WEO/9.0.0/,https://api.worldbank.org/v2/
NET,Netherlands,NLD,NLD+ABW+CUW+SXM+BES,2022,1,17566765,18268314,1.039936152160059,3.993615216005897,no,"Added Aruba, Curaçao, Sint Maarten, and the Caribbean Netherlands because the game includes a Dutch Caribbean region; the 2026 total matches vanilla within two people.",1057544400000,1057544400000,60201,57782,75460,57782,75460,60201,kept_vanilla,1099778654074,1099778654074,NLD: UN WPP 2024 Medium exact 2022; ABW: UN WPP 2024 Medium exact 2022; CUW: UN WPP 2024 Medium exact 2022; SXM: UN WPP 2024 Medium exact 2022; BES: UN WPP 2024 Medium exact 2022,NLD: IMF exact 2022; ABW: World Bank exact 2022; CUW: World Bank exact 2022; SXM: World Bank exact 2022; BES: nominal GDP/c inferred from global available-country peers median level (211 peers),NLD: IMF exact 2022; ABW: World Bank exact 2022; CUW: World Bank exact 2022; SXM: World Bank exact 2022; BES: PPP inferred from filled nominal GDP using global available-country peers median PPP/nominal ratio 2.283 (203 peers),inferred+secondary_source,https://www.un.org/development/desa/pd/world-population-prospects-2024,https://api.imf.org/external/sdmx/3.0/data/dataflow/IMF.RES/WEO/9.0.0/,https://api.worldbank.org/v2/
NET,Netherlands,NLD,NLD+ABW+CUW+SXM+BES,2026,0.87,18818741,18818739,0.9999998937229648,-0.000010627703517229747,no,"Added Aruba, Curaçao, Sint Maarten, and the Caribbean Netherlands because the game includes a Dutch Caribbean region; the 2026 total matches vanilla within two people.",1334663440000,1161157192800,61702,67576,74364,67576,74364,67576,clamped_to_nominal,1271697946210,1461721777253,NLD: UN WPP 2024 Medium exact 2026; ABW: UN WPP 2024 Medium exact 2026; CUW: UN WPP 2024 Medium exact 2026; SXM: UN WPP 2024 Medium exact 2026; BES: UN WPP 2024 Medium exact 2026,"NLD: IMF exact 2026; ABW: peer-growth inference from World Bank 2024; Latin America & Caribbean ; High income median 4.29%/yr (9 peers, capped at ±8%); CUW: peer-growth inference from World Bank 2024; Latin America & Caribbean ; High income median 4.29%/yr (9 peers, capped at ±8%); SXM: peer-growth inference from World Bank 2025; Latin America & Caribbean ; High income median 6.09%/yr (9 peers, capped at ±8%); BES: nominal GDP/c inferred from global available-country peers median level (177 peers)","NLD: IMF exact 2026; ABW: peer-growth inference from World Bank 2024; Latin America & Caribbean ; High income median 2.89%/yr (9 peers, capped at ±8%); CUW: peer-growth inference from World Bank 2024; Latin America & Caribbean ; High income median 2.89%/yr (9 peers, capped at ±8%); SXM: peer-growth inference from World Bank 2025; Latin America & Caribbean ; High income median 4.12%/yr (9 peers, capped at ±8%); BES: PPP inferred from filled nominal GDP using global available-country peers median PPP/nominal ratio 2.285 (177 peers)",inferred,https://www.un.org/development/desa/pd/world-population-prospects-2024,https://api.imf.org/external/sdmx/3.0/data/dataflow/IMF.RES/WEO/9.0.0/,https://api.worldbank.org/v2/
NZL,New Zealand,NZL,NZL,2003,1.59,4022586,4022586,1,0,no,Single-country territory; UN WPP and vanilla are within the ±5% review threshold.,63326900585,100689771930,25031,32573,42811,32573,42811,32573,clamped_to_nominal,131028837660,82408074000,NZL: UN WPP 2024 Medium exact 2003,NZL: IMF exact 2003,NZL: IMF exact 2003,complete_primary,https://www.un.org/development/desa/pd/world-population-prospects-2024,https://api.imf.org/external/sdmx/3.0/data/dataflow/IMF.RES/WEO/9.0.0/,https://api.worldbank.org/v2/
NZL,New Zealand,NZL,NZL,2022,1,4912945,5131734,1.0445331669701168,4.453316697011678,no,Single-country territory; UN WPP and vanilla are within the ±5% review threshold.,228907360000,228907360000,46593,47774,51929,47774,51929,47774,clamped_to_nominal,245165136000,245165136000,NZL: UN WPP 2024 Medium exact 2022,NZL: IMF exact 2022,NZL: IMF exact 2022,complete_primary,https://www.un.org/development/desa/pd/world-population-prospects-2024,https://api.imf.org/external/sdmx/3.0/data/dataflow/IMF.RES/WEO/9.0.0/,https://api.worldbank.org/v2/
NZL,New Zealand,NZL,NZL,2026,0.87,5291992,5287479,0.9991472020365866,-0.08527979634134208,no,Single-country territory; UN WPP and vanilla are within the ±5% review threshold.,263061920000,228863870400,43247,45847,51385,45847,51385,45847,clamped_to_nominal,242413722810,278636463000,NZL: UN WPP 2024 Medium exact 2026,NZL: IMF exact 2026,NZL: IMF exact 2026,complete_primary,https://www.un.org/development/desa/pd/world-population-prospects-2024,https://api.imf.org/external/sdmx/3.0/data/dataflow/IMF.RES/WEO/9.0.0/,https://api.worldbank.org/v2/
NIC,Nicaragua,NIC,NIC,2003,1.59,5210963,5210963,1,0,no,Single-country territory; UN WPP and vanilla are within the ±5% review threshold.,9916959064,15767964912,3026,1624,5174,1624,5174,3026,kept_vanilla,15767964912,9916959064,NIC: UN WPP 2024 Medium exact 2003,NIC: IMF exact 2003,NIC: IMF exact 2003,complete_primary,https://www.un.org/development/desa/pd/world-population-prospects-2024,https://api.imf.org/external/sdmx/3.0/data/dataflow/IMF.RES/WEO/9.0.0/,https://api.worldbank.org/v2/
NIC,Nicaragua,NIC,NIC,2022,1,6802629,6730654,0.9894195317722017,-1.0580468227798345,no,Single-country territory; UN WPP and vanilla are within the ±5% review threshold.,41146160000,41146160000,6049,2323,7795,2323,7795,6049,kept_vanilla,40710814361,40710814361,NIC: UN WPP 2024 Medium exact 2022,NIC: IMF exact 2022,NIC: IMF exact 2022,complete_primary,https://www.un.org/development/desa/pd/world-population-prospects-2024,https://api.imf.org/external/sdmx/3.0/data/dataflow/IMF.RES/WEO/9.0.0/,https://api.worldbank.org/v2/
NIC,Nicaragua,NIC,NIC,2026,0.87,7097329,7097329,1,0,no,Single-country territory; UN WPP and vanilla are within the ±5% review threshold.,56152800000,48852936000,6883,2970,8521,2970,8521,6883,kept_vanilla,48852936000,56152800000,NIC: UN WPP 2024 Medium exact 2026,NIC: IMF exact 2026,NIC: IMF exact 2026,complete_primary,https://www.un.org/development/desa/pd/world-population-prospects-2024,https://api.imf.org/external/sdmx/3.0/data/dataflow/IMF.RES/WEO/9.0.0/,https://api.worldbank.org/v2/
NER,Niger,NER,NER,2003,1.59,12796984,12796984,1,0,no,Single-country territory; UN WPP and vanilla are within the ±5% review threshold.,5640350877,8968157894,701,420,1198,420,1198,701,kept_vanilla,8968157894,5640350877,NER: UN WPP 2024 Medium exact 2003,NER: IMF exact 2003,NER: IMF exact 2003,complete_primary,https://www.un.org/development/desa/pd/world-population-prospects-2024,https://api.imf.org/external/sdmx/3.0/data/dataflow/IMF.RES/WEO/9.0.0/,https://api.worldbank.org/v2/
NER,Niger,NER,NER,2022,1,26388198,25311973,0.9592156690653906,-4.0784330934609425,no,Single-country territory; UN WPP and vanilla are within the ±5% review threshold.,32932240000,32932240000,1248,611,1839,611,1839,1248,kept_vanilla,31589120625,31589120625,NER: UN WPP 2024 Medium exact 2022,NER: IMF exact 2022,NER: IMF exact 2022,complete_primary,https://www.un.org/development/desa/pd/world-population-prospects-2024,https://api.imf.org/external/sdmx/3.0/data/dataflow/IMF.RES/WEO/9.0.0/,https://api.worldbank.org/v2/
NER,Niger,NER,NER,2026,0.87,28814878,28814878,1,0,no,Single-country territory; UN WPP and vanilla are within the ±5% review threshold.,53710800000,46728396000,1622,749,2036,749,2036,1622,kept_vanilla,46728396000,53710800000,NER: UN WPP 2024 Medium exact 2026,NER: IMF exact 2026,NER: IMF exact 2026,complete_primary,https://www.un.org/development/desa/pd/world-population-prospects-2024,https://api.imf.org/external/sdmx/3.0/data/dataflow/IMF.RES/WEO/9.0.0/,https://api.worldbank.org/v2/
NGA,Nigeria,NGA,NGA,2003,1.59,137202644,137202644,1,0,no,Single-country territory; UN WPP and vanilla are within the ±5% review threshold.,206470760234,328288508772,2393,1680,5762,1680,5762,2393,kept_vanilla,328288508772,206470760234,NGA: UN WPP 2024 Medium exact 2003,NGA: IMF exact 2003,NGA: IMF exact 2003,complete_primary,https://www.un.org/development/desa/pd/world-population-prospects-2024,https://api.imf.org/external/sdmx/3.0/data/dataflow/IMF.RES/WEO/9.0.0/,https://api.worldbank.org/v2/
NGA,Nigeria,NGA,NGA,2022,1,218431826,223150896,1.0216043151147765,2.160431511477645,no,Single-country territory; UN WPP and vanilla are within the ±5% review threshold.,1116311680000,1116311680000,5111,2893,8304,2893,8304,5111,kept_vanilla,1140428829301,1140428829301,NGA: UN WPP 2024 Medium exact 2022,NGA: IMF exact 2022,NGA: IMF exact 2022,complete_primary,https://www.un.org/development/desa/pd/world-population-prospects-2024,https://api.imf.org/external/sdmx/3.0/data/dataflow/IMF.RES/WEO/9.0.0/,https://api.worldbank.org/v2/
NGA,Nigeria,NGA,NGA,2026,0.87,242431832,242431832,1,0,no,Single-country territory; UN WPP and vanilla are within the ±5% review threshold.,1394763040000,1213443844800,5005,1354,8700,1354,8700,5005,kept_vanilla,1213443844800,1394763040000,NGA: UN WPP 2024 Medium exact 2026,NGA: IMF exact 2026,NGA: IMF exact 2026,complete_primary,https://www.un.org/development/desa/pd/world-population-prospects-2024,https://api.imf.org/external/sdmx/3.0/data/dataflow/IMF.RES/WEO/9.0.0/,https://api.worldbank.org/v2/
PRK,North Korea,PRK,PRK,2003,1.59,24090380,24090380,1,0,no,Single-country territory; UN WPP and vanilla are within the ±5% review threshold.,29580000000,47032200000,1952,3825,8168,3825,8168,3825,clamped_to_nominal,92136163207,57947272457,PRK: UN WPP 2024 Medium exact 2003,PRK: nominal GDP/c inferred from East Asia & Pacific median level (36 peers),PRK: PPP inferred from filled nominal GDP using East Asia & Pacific median PPP/nominal ratio 2.136 (31 peers),inferred,https://www.un.org/development/desa/pd/world-population-prospects-2024,https://api.imf.org/external/sdmx/3.0/data/dataflow/IMF.RES/WEO/9.0.0/,https://api.worldbank.org/v2/
PRK,North Korea,PRK,PRK,2022,1,26022467,26328845,1.0117735954857778,1.1773595485777832,no,Single-country territory; UN WPP and vanilla are within the ±5% review threshold.,40595048601,40595048601,1560,6683,10579,6683,10579,6683,clamped_to_nominal,175951330296,175951330296,PRK: UN WPP 2024 Medium exact 2022,PRK: nominal GDP/c inferred from East Asia & Pacific median level (36 peers),PRK: PPP inferred from filled nominal GDP using East Asia & Pacific median PPP/nominal ratio 1.583 (31 peers),inferred,https://www.un.org/development/desa/pd/world-population-prospects-2024,https://api.imf.org/external/sdmx/3.0/data/dataflow/IMF.RES/WEO/9.0.0/,https://api.worldbank.org/v2/
PRK,North Korea,PRK,PRK,2026,0.87,26633691,26633691,1,0,no,Single-country territory; UN WPP and vanilla are within the ±5% review threshold.,39941985600,34749527472,1305,5430,11535,5430,11535,5430,clamped_to_nominal,144622634151,166232912817,PRK: UN WPP 2024 Medium exact 2026,PRK: nominal GDP/c inferred from East Asia & Pacific median level (25 peers),PRK: PPP inferred from filled nominal GDP using East Asia & Pacific median PPP/nominal ratio 2.124 (25 peers),inferred,https://www.un.org/development/desa/pd/world-population-prospects-2024,https://api.imf.org/external/sdmx/3.0/data/dataflow/IMF.RES/WEO/9.0.0/,https://api.worldbank.org/v2/
MKD,North Macedonia,MKD,MKD,2003,1.59,2081411,2081411,1,0,no,Single-country territory; UN WPP and vanilla are within the ±5% review threshold.,9383040936,14919035088,7168,3778,12257,3778,12257,7168,kept_vanilla,14919035088,9383040936,MKD: UN WPP 2024 Medium exact 2003,MKD: IMF exact 2003,MKD: IMF exact 2003,complete_primary,https://www.un.org/development/desa/pd/world-population-prospects-2024,https://api.imf.org/external/sdmx/3.0/data/dataflow/IMF.RES/WEO/9.0.0/,https://api.worldbank.org/v2/
MKD,North Macedonia,MKD,MKD,2022,1,2080860,1840233,0.8843617542746749,-11.56382457253251,yes — reviewed,"Single-country game territory and UN country/area boundary align. The difference is an updated historical estimate/projection vintage, not a geographic-scope mismatch; accept the UN WPP value for a consistent source vintage.",35912800000,35912800000,17259,7584,24583,7584,24583,17259,kept_vanilla,31759906809,31759906809,MKD: UN WPP 2024 Medium exact 2022,MKD: IMF exact 2022,MKD: IMF exact 2022,complete_primary,https://www.un.org/development/desa/pd/world-population-prospects-2024,https://api.imf.org/external/sdmx/3.0/data/dataflow/IMF.RES/WEO/9.0.0/,https://api.worldbank.org/v2/
MKD,North Macedonia,MKD,MKD,2026,0.87,1804063,1804063,1,0,no,Single-country territory; UN WPP and vanilla are within the ±5% review threshold.,46943600000,40840932000,22638,10419,27640,10419,27640,22638,kept_vanilla,40840932000,46943600000,MKD: UN WPP 2024 Medium exact 2026,MKD: IMF exact 2026,MKD: IMF exact 2026,complete_primary,https://www.un.org/development/desa/pd/world-population-prospects-2024,https://api.imf.org/external/sdmx/3.0/data/dataflow/IMF.RES/WEO/9.0.0/,https://api.worldbank.org/v2/
NOR,Norway,NOR,NOR,2003,1.59,4564669,4564669,1,0,no,Single-country territory; UN WPP and vanilla are within the ±5% review threshold.,121407602339,193038087719,42290,79834,72233,72233,79834,72233,clamped_to_ppp,329718443100,207370090000,NOR: UN WPP 2024 Medium exact 2003,NOR: IMF exact 2003,NOR: IMF exact 2003,complete_primary,https://www.un.org/development/desa/pd/world-population-prospects-2024,https://api.imf.org/external/sdmx/3.0/data/dataflow/IMF.RES/WEO/9.0.0/,https://api.worldbank.org/v2/
NOR,Norway,NOR,NOR,2022,1,5525579,5456801,0.9875527976344198,-1.2447202365580168,no,Single-country territory; UN WPP and vanilla are within the ±5% review threshold.,373006480000,373006480000,67505,113129,102138,102138,113129,102138,clamped_to_ppp,557347395000,557347395000,NOR: UN WPP 2024 Medium exact 2022,NOR: IMF exact 2022,NOR: IMF exact 2022,complete_primary,https://www.un.org/development/desa/pd/world-population-prospects-2024,https://api.imf.org/external/sdmx/3.0/data/dataflow/IMF.RES/WEO/9.0.0/,https://api.worldbank.org/v2/
NOR,Norway,NOR,NOR,2026,0.87,5652989,5652989,1,0,no,Single-country territory; UN WPP and vanilla are within the ±5% review threshold.,533799200000,464405304000,82152,92249,100676,92249,100676,92249,clamped_to_nominal,521483414010,599406223000,NOR: UN WPP 2024 Medium exact 2026,NOR: IMF exact 2026,NOR: IMF exact 2026,complete_primary,https://www.un.org/development/desa/pd/world-population-prospects-2024,https://api.imf.org/external/sdmx/3.0/data/dataflow/IMF.RES/WEO/9.0.0/,https://api.worldbank.org/v2/
OMN,Oman,OMN,OMN,2003,1.59,2363796,2363796,1,0,no,Single-country territory; UN WPP and vanilla are within the ±5% review threshold.,38152046784,60661754387,25663,16637,43883,16637,43883,25663,kept_vanilla,60661754387,38152046784,OMN: UN WPP 2024 Medium exact 2003,OMN: IMF exact 2003,OMN: IMF exact 2003,complete_primary,https://www.un.org/development/desa/pd/world-population-prospects-2024,https://api.imf.org/external/sdmx/3.0/data/dataflow/IMF.RES/WEO/9.0.0/,https://api.worldbank.org/v2/
OMN,Oman,OMN,OMN,2022,1,5354087,4730226,0.8834794802549902,-11.652051974500976,yes — reviewed,"Single-country game territory and UN country/area boundary align. The difference is an updated historical estimate/projection vintage, not a geographic-scope mismatch; accept the UN WPP value for a consistent source vintage.",146033360000,146033360000,27275,23224,42610,23224,42610,27275,kept_vanilla,129017476993,129017476993,OMN: UN WPP 2024 Medium exact 2022,OMN: IMF exact 2022,OMN: IMF exact 2022,complete_primary,https://www.un.org/development/desa/pd/world-population-prospects-2024,https://api.imf.org/external/sdmx/3.0/data/dataflow/IMF.RES/WEO/9.0.0/,https://api.worldbank.org/v2/
OMN,Oman,OMN,OMN,2026,0.87,5671459,5671458,0.9999998236785279,-0.000017632147208956894,no,Single-country territory; UN WPP and vanilla are within the ±5% review threshold.,203420800000,176976096000,31205,17975,37950,17975,37950,31205,kept_vanilla,176976064795,203420764133,OMN: UN WPP 2024 Medium exact 2026,OMN: IMF exact 2026,OMN: IMF exact 2026,complete_primary,https://www.un.org/development/desa/pd/world-population-prospects-2024,https://api.imf.org/external/sdmx/3.0/data/dataflow/IMF.RES/WEO/9.0.0/,https://api.worldbank.org/v2/
PAK,Pakistan,PAK,PAK,2003,1.59,167110248,167110248,1,0,no,Single-country territory; UN WPP and vanilla are within the ±5% review threshold.,266791812865,424198982455,2538,1070,4341,1070,4341,2538,kept_vanilla,424198982455,266791812865,PAK: UN WPP 2024 Medium exact 2003,PAK: IMF exact 2003,PAK: IMF exact 2003,complete_primary,https://www.un.org/development/desa/pd/world-population-prospects-2024,https://api.imf.org/external/sdmx/3.0/data/dataflow/IMF.RES/WEO/9.0.0/,https://api.worldbank.org/v2/
PAK,Pakistan,PAK,PAK,2022,1,230827901,243700667,1.0557678077226895,5.576780772268952,yes — reviewed,"Single-country game territory and UN country/area boundary align. The difference is an updated historical estimate/projection vintage, not a geographic-scope mismatch; accept the UN WPP value for a consistent source vintage.",1292598560000,1292598560000,5600,1538,5999,1538,5999,5600,kept_vanilla,1364683947957,1364683947957,PAK: UN WPP 2024 Medium exact 2022,PAK: IMF exact 2022,PAK: IMF exact 2022,complete_primary,https://www.un.org/development/desa/pd/world-population-prospects-2024,https://api.imf.org/external/sdmx/3.0/data/dataflow/IMF.RES/WEO/9.0.0/,https://api.worldbank.org/v2/
PAK,Pakistan,PAK,PAK,2026,0.87,259299792,259299791,0.99999999614346,-3.8565399762546804e-7,no,Single-country territory; UN WPP and vanilla are within the ±5% review threshold.,1470815280000,1279609293600,4935,1545,6032,1545,6032,4935,kept_vanilla,1279609288665,1470815274328,PAK: UN WPP 2024 Medium exact 2026,"PAK: peer-growth inference from IMF 2025; Middle East, North Africa, Afghanistan & Pakistan median 1.83%/yr (18 peers, capped at ±8%)",PAK: IMF exact 2026,inferred,https://www.un.org/development/desa/pd/world-population-prospects-2024,https://api.imf.org/external/sdmx/3.0/data/dataflow/IMF.RES/WEO/9.0.0/,https://api.worldbank.org/v2/
PAL,Palestine,WBG,WBG,2003,1.59,3398070,3398070,1,0,no,Single-country territory; UN WPP and vanilla are within the ±5% review threshold.,5115204678,8133175438,2393,1857,4093,1857,4093,2393,kept_vanilla,8133175438,5115204678,WBG: UN WPP 2024 Medium exact 2003,WBG: IMF exact 2003,WBG: IMF exact 2003,complete_primary,https://www.un.org/development/desa/pd/world-population-prospects-2024,https://api.imf.org/external/sdmx/3.0/data/dataflow/IMF.RES/WEO/9.0.0/,https://api.worldbank.org/v2/
PAL,Palestine,WBG,WBG,2022,1,5384358,5305270,0.9853115264623935,-1.4688473537606495,no,Single-country territory; UN WPP and vanilla are within the ±5% review threshold.,27095000000,27095000000,5032,3613,5858,3613,5858,5032,kept_vanilla,26697015809,26697015809,WBG: UN WPP 2024 Medium exact 2022,WBG: IMF exact 2022,WBG: IMF exact 2022,complete_primary,https://www.un.org/development/desa/pd/world-population-prospects-2024,https://api.imf.org/external/sdmx/3.0/data/dataflow/IMF.RES/WEO/9.0.0/,https://api.worldbank.org/v2/
PAL,Palestine,WBG,WBG,2026,0.87,5692790,5692790,1,0,no,Single-country territory; UN WPP and vanilla are within the ±5% review threshold.,29192240000,25397248800,4461,2727,4057,2727,4057,4057,clamped_to_ppp,23094625450,26545546494,WBG: UN WPP 2024 Medium exact 2026,"WBG: peer-growth inference from World Bank 2025; Middle East, North Africa, Afghanistan & Pakistan median 1.83%/yr (18 peers, capped at ±8%)","WBG: peer-growth inference from World Bank 2025; Middle East, North Africa, Afghanistan & Pakistan; Lower middle income median -3.91%/yr (5 peers, capped at ±8%)",inferred,https://www.un.org/development/desa/pd/world-population-prospects-2024,https://api.imf.org/external/sdmx/3.0/data/dataflow/IMF.RES/WEO/9.0.0/,https://api.worldbank.org/v2/
PAN,Panama,PAN,PAN,2003,1.59,3189807,3189807,1,0,no,Single-country territory; UN WPP and vanilla are within the ±5% review threshold.,23369590643,37157649122,11649,6781,19204,6781,19204,11649,kept_vanilla,37157649122,23369590643,PAN: UN WPP 2024 Medium exact 2003,PAN: IMF exact 2003,PAN: IMF exact 2003,complete_primary,https://www.un.org/development/desa/pd/world-population-prospects-2024,https://api.imf.org/external/sdmx/3.0/data/dataflow/IMF.RES/WEO/9.0.0/,https://api.worldbank.org/v2/
PAN,Panama,PAN,PAN,2022,1,4467252,4400773,0.9851185919218347,-1.4881408078165292,no,Single-country territory; UN WPP and vanilla are within the ±5% review threshold.,139575040000,139575040000,31244,17379,36327,17379,36327,31244,kept_vanilla,137497966872,137497966872,PAN: UN WPP 2024 Medium exact 2022,PAN: IMF exact 2022,PAN: IMF exact 2022,complete_primary,https://www.un.org/development/desa/pd/world-population-prospects-2024,https://api.imf.org/external/sdmx/3.0/data/dataflow/IMF.RES/WEO/9.0.0/,https://api.worldbank.org/v2/
PAN,Panama,PAN,PAN,2026,0.87,4625718,4625718,1,0,no,Single-country territory; UN WPP and vanilla are within the ±5% review threshold.,176132000000,153234840000,33127,17872,40331,17872,40331,33127,kept_vanilla,153234840000,176132000000,PAN: UN WPP 2024 Medium exact 2026,PAN: IMF exact 2026,PAN: IMF exact 2026,complete_primary,https://www.un.org/development/desa/pd/world-population-prospects-2024,https://api.imf.org/external/sdmx/3.0/data/dataflow/IMF.RES/WEO/9.0.0/,https://api.worldbank.org/v2/
PNG,Papua New Guinea,PNG,PNG,2003,1.59,6123997,6123997,1,0,no,Single-country territory; UN WPP and vanilla are within the ±5% review threshold.,7143859649,11358736842,1855,1425,3172,1425,3172,1855,kept_vanilla,11358736842,7143859649,PNG: UN WPP 2024 Medium exact 2003,PNG: IMF exact 2003,PNG: IMF exact 2003,complete_primary,https://www.un.org/development/desa/pd/world-population-prospects-2024,https://api.imf.org/external/sdmx/3.0/data/dataflow/IMF.RES/WEO/9.0.0/,https://api.worldbank.org/v2/
PNG,Papua New Guinea,PNG,PNG,2022,1,9346370,10203169,1.0916718469309474,9.167184693094743,yes — reviewed,"Single-country game territory and UN country/area boundary align. The difference is an updated historical estimate/projection vintage, not a geographic-scope mismatch; accept the UN WPP value for a consistent source vintage.",34618320000,34618320000,3704,3102,3843,3102,3843,3704,kept_vanilla,37791845332,37791845332,PNG: UN WPP 2024 Medium exact 2022,PNG: IMF exact 2022,PNG: IMF exact 2022,complete_primary,https://www.un.org/development/desa/pd/world-population-prospects-2024,https://api.imf.org/external/sdmx/3.0/data/dataflow/IMF.RES/WEO/9.0.0/,https://api.worldbank.org/v2/
PNG,Papua New Guinea,PNG,PNG,2026,0.87,10947848,10947848,1,0,no,Single-country territory; UN WPP and vanilla are within the ±5% review threshold.,42329760000,36826891200,3364,2734,4141,2734,4141,3364,kept_vanilla,36826891200,42329760000,PNG: UN WPP 2024 Medium exact 2026,PNG: IMF exact 2026,PNG: IMF exact 2026,complete_primary,https://www.un.org/development/desa/pd/world-population-prospects-2024,https://api.imf.org/external/sdmx/3.0/data/dataflow/IMF.RES/WEO/9.0.0/,https://api.worldbank.org/v2/
PRY,Paraguay,PRY,PRY,2003,1.59,5326436,5326436,1,0,no,Single-country territory; UN WPP and vanilla are within the ±5% review threshold.,21672514620,34459298246,6469,2296,11063,2296,11063,6469,kept_vanilla,34459298246,21672514620,PRY: UN WPP 2024 Medium exact 2003,PRY: IMF exact 2003,PRY: IMF exact 2003,complete_primary,https://www.un.org/development/desa/pd/world-population-prospects-2024,https://api.imf.org/external/sdmx/3.0/data/dataflow/IMF.RES/WEO/9.0.0/,https://api.worldbank.org/v2/
PRY,Paraguay,PRY,PRY,2022,1,7332478,6760464,0.9219889919887929,-7.801100801120708,yes — reviewed,"Single-country game territory and UN country/area boundary align. The difference is an updated historical estimate/projection vintage, not a geographic-scope mismatch; accept the UN WPP value for a consistent source vintage.",94647520000,94647520000,12908,6189,16306,6189,16306,12908,kept_vanilla,87263971559,87263971559,PRY: UN WPP 2024 Medium exact 2022,PRY: IMF exact 2022,PRY: IMF exact 2022,complete_primary,https://www.un.org/development/desa/pd/world-population-prospects-2024,https://api.imf.org/external/sdmx/3.0/data/dataflow/IMF.RES/WEO/9.0.0/,https://api.worldbank.org/v2/
PRY,Paraguay,PRY,PRY,2026,0.87,7095280,7095279,0.9999998590612351,-0.000014093876488097123,no,Single-country territory; UN WPP and vanilla are within the ±5% review threshold.,120068960000,104459995200,14722,7423,18496,7423,18496,14722,kept_vanilla,104459980478,120068943078,PRY: UN WPP 2024 Medium exact 2026,PRY: IMF exact 2026,PRY: IMF exact 2026,complete_primary,https://www.un.org/development/desa/pd/world-population-prospects-2024,https://api.imf.org/external/sdmx/3.0/data/dataflow/IMF.RES/WEO/9.0.0/,https://api.worldbank.org/v2/
PER,Peru,PER,PER,2003,1.59,27580490,27580490,1,0,no,Single-country territory; UN WPP and vanilla are within the ±5% review threshold.,87084795322,138464824562,5020,3377,8702,3377,8702,5020,kept_vanilla,138464824562,87084795322,PER: UN WPP 2024 Medium exact 2003,PER: IMF exact 2003,PER: IMF exact 2003,complete_primary,https://www.un.org/development/desa/pd/world-population-prospects-2024,https://api.imf.org/external/sdmx/3.0/data/dataflow/IMF.RES/WEO/9.0.0/,https://api.worldbank.org/v2/
PER,Peru,PER,PER,2022,1,33779525,33475438,0.9909978899940127,-0.9002110005987274,no,Single-country territory; UN WPP and vanilla are within the ±5% review threshold.,452069200000,452069200000,13383,7414,16933,7414,16933,13383,kept_vanilla,447999623331,447999623331,PER: UN WPP 2024 Medium exact 2022,PER: IMF exact 2022,PER: IMF exact 2022,complete_primary,https://www.un.org/development/desa/pd/world-population-prospects-2024,https://api.imf.org/external/sdmx/3.0/data/dataflow/IMF.RES/WEO/9.0.0/,https://api.worldbank.org/v2/
PER,Peru,PER,PER,2026,0.87,34922148,34922148,1,0,no,Single-country territory; UN WPP and vanilla are within the ±5% review threshold.,565885760000,492320611200,14098,9489,17416,9489,17416,14098,kept_vanilla,492320611200,565885760000,PER: UN WPP 2024 Medium exact 2026,PER: IMF exact 2026,PER: IMF exact 2026,complete_primary,https://www.un.org/development/desa/pd/world-population-prospects-2024,https://api.imf.org/external/sdmx/3.0/data/dataflow/IMF.RES/WEO/9.0.0/,https://api.worldbank.org/v2/
PHL,Philippines,PHL,PHL,2003,1.59,84731834,84731835,1.0000000118019396,0.0000011801939647781978,no,Single-country territory; UN WPP and vanilla are within the ±5% review threshold.,172892397661,274898912281,3244,1633,5548,1633,5548,3244,kept_vanilla,274898915525,172892399701,PHL: UN WPP 2024 Medium exact 2003,PHL: IMF exact 2003,PHL: IMF exact 2003,complete_primary,https://www.un.org/development/desa/pd/world-population-prospects-2024,https://api.imf.org/external/sdmx/3.0/data/dataflow/IMF.RES/WEO/9.0.0/,https://api.worldbank.org/v2/
PHL,Philippines,PHL,PHL,2022,1,112965184,113964338,1.008844795932878,0.8844795932877902,no,Single-country territory; UN WPP and vanilla are within the ±5% review threshold.,1006598560000,1006598560000,8911,3548,10130,3548,10130,8911,kept_vanilla,1015501718850,1015501718850,PHL: UN WPP 2024 Medium exact 2022,PHL: IMF exact 2022,PHL: IMF exact 2022,complete_primary,https://www.un.org/development/desa/pd/world-population-prospects-2024,https://api.imf.org/external/sdmx/3.0/data/dataflow/IMF.RES/WEO/9.0.0/,https://api.worldbank.org/v2/
PHL,Philippines,PHL,PHL,2026,0.87,117724472,117724471,0.9999999915055894,-8.494410619341863e-7,no,Single-country territory; UN WPP and vanilla are within the ±5% review threshold.,1300385680000,1131335541600,9610,3785,11621,3785,11621,9610,kept_vanilla,1131335531990,1300385668954,PHL: UN WPP 2024 Medium exact 2026,PHL: IMF exact 2026,PHL: IMF exact 2026,complete_primary,https://www.un.org/development/desa/pd/world-population-prospects-2024,https://api.imf.org/external/sdmx/3.0/data/dataflow/IMF.RES/WEO/9.0.0/,https://api.worldbank.org/v2/
POL,Poland,POL,POL,2003,1.59,38203524,38203524,1,0,no,Single-country territory; UN WPP and vanilla are within the ±5% review threshold.,298056140351,473909263158,12405,9096,21351,9096,21351,12405,kept_vanilla,473909263158,298056140351,POL: UN WPP 2024 Medium exact 2003,POL: IMF exact 2003,POL: IMF exact 2003,complete_primary,https://www.un.org/development/desa/pd/world-population-prospects-2024,https://api.imf.org/external/sdmx/3.0/data/dataflow/IMF.RES/WEO/9.0.0/,https://api.worldbank.org/v2/
POL,Poland,POL,POL,2022,1,37723292,38385739,1.017560689030003,1.7560689030003074,no,Single-country territory; UN WPP and vanilla are within the ±5% review threshold.,1386683760000,1386683760000,36759,18125,45374,18125,45374,36759,kept_vanilla,1411034882292,1411034882292,POL: UN WPP 2024 Medium exact 2022,POL: IMF exact 2022,POL: IMF exact 2022,complete_primary,https://www.un.org/development/desa/pd/world-population-prospects-2024,https://api.imf.org/external/sdmx/3.0/data/dataflow/IMF.RES/WEO/9.0.0/,https://api.worldbank.org/v2/
POL,Poland,POL,POL,2026,0.87,37843189,37843188,0.9999999735751657,-0.000002642483432069298,no,Single-country territory; UN WPP and vanilla are within the ±5% review threshold.,1777406400000,1546343568000,40862,26076,49756,26076,49756,40862,kept_vanilla,1546343527138,1777406353032,POL: UN WPP 2024 Medium exact 2026,POL: IMF exact 2026,POL: IMF exact 2026,complete_primary,https://www.un.org/development/desa/pd/world-population-prospects-2024,https://api.imf.org/external/sdmx/3.0/data/dataflow/IMF.RES/WEO/9.0.0/,https://api.worldbank.org/v2/
PLS,Polynesian States,WSM+TON,WSM+TON+TUV+COK,2003,1.59,314616,314616,1,0,no,Added Tuvalu and the Cook Islands. This exactly reproduces the 2003 and 2026 vanilla totals.,616374269,980035088,3115,3052,5851,3052,5851,3115,kept_vanilla,980035088,616374269,WSM: UN WPP 2024 Medium exact 2003; TON: UN WPP 2024 Medium exact 2003; TUV: UN WPP 2024 Medium exact 2003; COK: UN WPP 2024 Medium exact 2003,WSM: IMF exact 2003; TON: IMF exact 2003; TUV: World Bank exact 2003; COK: nominal GDP/c inferred from global available-country peers median level (210 peers),WSM: IMF exact 2003; TON: IMF exact 2003; TUV: World Bank exact 2003; COK: PPP inferred from filled nominal GDP using global available-country peers median PPP/nominal ratio 2.577 (199 peers),inferred+secondary_source,https://www.un.org/development/desa/pd/world-population-prospects-2024,https://api.imf.org/external/sdmx/3.0/data/dataflow/IMF.RES/WEO/9.0.0/,https://api.worldbank.org/v2/
PLS,Polynesian States,WSM+TON,WSM+TON+TUV+COK,2022,1,340676,345018,1.0127452476840164,1.2745247684016414,no,Added Tuvalu and the Cook Islands. This exactly reproduces the 2003 and 2026 vanilla totals.,1995399715,1995399715,5857,4663,6633,4663,6633,5857,kept_vanilla,2020831579,2020831579,WSM: UN WPP 2024 Medium exact 2022; TON: UN WPP 2024 Medium exact 2022; TUV: UN WPP 2024 Medium exact 2022; COK: UN WPP 2024 Medium exact 2022,WSM: IMF exact 2022; TON: IMF exact 2022; TUV: World Bank exact 2022; COK: nominal GDP/c inferred from global available-country peers median level (211 peers),WSM: IMF exact 2022; TON: IMF exact 2022; TUV: World Bank exact 2022; COK: PPP inferred from filled nominal GDP using global available-country peers median PPP/nominal ratio 2.283 (203 peers),inferred+secondary_source,https://www.un.org/development/desa/pd/world-population-prospects-2024,https://api.imf.org/external/sdmx/3.0/data/dataflow/IMF.RES/WEO/9.0.0/,https://api.worldbank.org/v2/
PLS,Polynesian States,WSM+TON,WSM+TON+TUV+COK,2026,0.87,346007,346007,1,0,no,Added Tuvalu and the Cook Islands. This exactly reproduces the 2003 and 2026 vanilla totals.,2482039715,2159374552,6241,5669,7645,5669,7645,6241,kept_vanilla,2159374552,2482039715,WSM: UN WPP 2024 Medium exact 2026; TON: UN WPP 2024 Medium exact 2026; TUV: UN WPP 2024 Medium exact 2026; COK: UN WPP 2024 Medium exact 2026,"WSM: IMF exact 2026; TON: IMF exact 2026; TUV: peer-growth inference from World Bank 2025; East Asia & Pacific; Upper middle income median -0.13%/yr (11 peers, capped at ±8%); COK: nominal GDP/c inferred from global available-country peers median level (177 peers)","WSM: IMF exact 2026; TON: IMF exact 2026; TUV: peer-growth inference from World Bank 2025; East Asia & Pacific; Upper middle income median 1.44%/yr (11 peers, capped at ±8%); COK: PPP inferred from filled nominal GDP using global available-country peers median PPP/nominal ratio 2.285 (177 peers)",inferred,https://www.un.org/development/desa/pd/world-population-prospects-2024,https://api.imf.org/external/sdmx/3.0/data/dataflow/IMF.RES/WEO/9.0.0/,https://api.worldbank.org/v2/
PRT,Portugal,PRT,PRT,2003,1.59,10454245,10454245,1,0,no,Single-country territory; UN WPP and vanilla are within the ±5% review threshold.,143287134503,227826543860,21793,25123,37377,25123,37377,25123,clamped_to_nominal,262643733420,165184738000,PRT: UN WPP 2024 Medium exact 2003,PRT: IMF exact 2003,PRT: IMF exact 2003,complete_primary,https://www.un.org/development/desa/pd/world-population-prospects-2024,https://api.imf.org/external/sdmx/3.0/data/dataflow/IMF.RES/WEO/9.0.0/,https://api.worldbank.org/v2/
PRT,Portugal,PRT,PRT,2022,1,10132498,10417073,1.0280853744061929,2.8085374406192853,no,Single-country territory; UN WPP and vanilla are within the ±5% review threshold.,369293760000,369293760000,36446,24681,44298,24681,44298,36446,kept_vanilla,379665513515,379665513515,PRT: UN WPP 2024 Medium exact 2022,PRT: IMF exact 2022,PRT: IMF exact 2022,complete_primary,https://www.un.org/development/desa/pd/world-population-prospects-2024,https://api.imf.org/external/sdmx/3.0/data/dataflow/IMF.RES/WEO/9.0.0/,https://api.worldbank.org/v2/
PRT,Portugal,PRT,PRT,2026,0.87,10395362,10395362,1,0,no,Single-country territory; UN WPP and vanilla are within the ±5% review threshold.,471764480000,410435097600,39483,31856,47506,31856,47506,39483,kept_vanilla,410435097600,471764480000,PRT: UN WPP 2024 Medium exact 2026,PRT: IMF exact 2026,PRT: IMF exact 2026,complete_primary,https://www.un.org/development/desa/pd/world-population-prospects-2024,https://api.imf.org/external/sdmx/3.0/data/dataflow/IMF.RES/WEO/9.0.0/,https://api.worldbank.org/v2/
COR,Republic of the Congo,COG,COG,2003,1.59,3445753,3445753,1,0,no,Single-country territory; UN WPP and vanilla are within the ±5% review threshold.,7251461988,11529824561,3346,1783,5722,1783,5722,3346,kept_vanilla,11529824561,7251461988,COG: UN WPP 2024 Medium exact 2003,COG: IMF exact 2003,COG: IMF exact 2003,complete_primary,https://www.un.org/development/desa/pd/world-population-prospects-2024,https://api.imf.org/external/sdmx/3.0/data/dataflow/IMF.RES/WEO/9.0.0/,https://api.worldbank.org/v2/
COR,Republic of the Congo,COG,COG,2022,1,5842157,6035104,1.033026671484522,3.3026671484521986,no,Single-country territory; UN WPP and vanilla are within the ±5% review threshold.,19816720000,19816720000,3392,2314,6018,2314,6018,3392,kept_vanilla,20471200301,20471200301,COG: UN WPP 2024 Medium exact 2022,COG: IMF exact 2022,COG: IMF exact 2022,complete_primary,https://www.un.org/development/desa/pd/world-population-prospects-2024,https://api.imf.org/external/sdmx/3.0/data/dataflow/IMF.RES/WEO/9.0.0/,https://api.worldbank.org/v2/
COR,Republic of the Congo,COG,COG,2026,0.87,6637786,6637785,0.9999998493473576,-0.000015065264236113762,no,Single-country territory; UN WPP and vanilla are within the ±5% review threshold.,37631440000,32739352800,4932,2232,5866,2232,5866,4932,kept_vanilla,32739347868,37631434331,COG: UN WPP 2024 Medium exact 2026,COG: IMF exact 2026,COG: IMF exact 2026,complete_primary,https://www.un.org/development/desa/pd/world-population-prospects-2024,https://api.imf.org/external/sdmx/3.0/data/dataflow/IMF.RES/WEO/9.0.0/,https://api.worldbank.org/v2/
ROM,Romania,ROU,ROU,2003,1.59,21593450,21593450,1,0,no,Single-country territory; UN WPP and vanilla are within the ±5% review threshold.,140076023392,222720877193,10314,4255,17645,4255,17645,10314,kept_vanilla,222720877193,140076023392,ROU: UN WPP 2024 Medium exact 2003,ROU: IMF exact 2003,ROU: IMF exact 2003,complete_primary,https://www.un.org/development/desa/pd/world-population-prospects-2024,https://api.imf.org/external/sdmx/3.0/data/dataflow/IMF.RES/WEO/9.0.0/,https://api.worldbank.org/v2/
ROM,Romania,ROU,ROU,2022,1,19003504,19166772,1.0085914681839727,0.8591468183972717,no,Single-country territory; UN WPP and vanilla are within the ±5% review threshold.,622817360000,622817360000,32774,15438,42167,15438,42167,32774,kept_vanilla,628168275533,628168275533,ROU: UN WPP 2024 Medium exact 2022,ROU: IMF exact 2022,ROU: IMF exact 2022,complete_primary,https://www.un.org/development/desa/pd/world-population-prospects-2024,https://api.imf.org/external/sdmx/3.0/data/dataflow/IMF.RES/WEO/9.0.0/,https://api.worldbank.org/v2/
ROM,Romania,ROU,ROU,2026,0.87,18800605,18800605,1,0,no,Single-country territory; UN WPP and vanilla are within the ±5% review threshold.,815547920000,709526690400,37740,22251,43979,22251,43979,37740,kept_vanilla,709526690400,815547920000,ROU: UN WPP 2024 Medium exact 2026,ROU: IMF exact 2026,ROU: IMF exact 2026,complete_primary,https://www.un.org/development/desa/pd/world-population-prospects-2024,https://api.imf.org/external/sdmx/3.0/data/dataflow/IMF.RES/WEO/9.0.0/,https://api.worldbank.org/v2/
RUS,Russia,RUS,RUS,2003,1.59,148211088,145794229,0.9836931296260372,-1.6306870373962834,no,Single-country territory; UN WPP and vanilla are within the ±5% review threshold.,1139083625731,1811142964912,12220,5033,21243,5033,21243,12220,kept_vanilla,1781608891354,1120508736701,RUS: UN WPP 2024 Medium exact 2003,RUS: IMF exact 2003,RUS: IMF exact 2003,complete_primary,https://www.un.org/development/desa/pd/world-population-prospects-2024,https://api.imf.org/external/sdmx/3.0/data/dataflow/IMF.RES/WEO/9.0.0/,https://api.worldbank.org/v2/
RUS,Russia,RUS,RUS,2022,1,148189354,145579899,0.9823910764871814,-1.760892351281862,no,Single-country territory; UN WPP and vanilla are within the ±5% review threshold.,3841589840000,3841589840000,25924,15774,41251,15774,41251,25924,kept_vanilla,3773943578340,3773943578340,RUS: UN WPP 2024 Medium exact 2022,RUS: IMF exact 2022,RUS: IMF exact 2022,complete_primary,https://www.un.org/development/desa/pd/world-population-prospects-2024,https://api.imf.org/external/sdmx/3.0/data/dataflow/IMF.RES/WEO/9.0.0/,https://api.worldbank.org/v2/
RUS,Russia,RUS,RUS,2026,0.87,145811313,143394458,0.9834247771981862,-1.6575222801813783,no,Single-country territory; UN WPP and vanilla are within the ±5% review threshold.,6285921840000,5468752000800,37506,16117,45656,16117,45656,37506,kept_vanilla,5378106217939,6181731284987,RUS: UN WPP 2024 Medium exact 2026,RUS: IMF exact 2026,RUS: IMF exact 2026,complete_primary,https://www.un.org/development/desa/pd/world-population-prospects-2024,https://api.imf.org/external/sdmx/3.0/data/dataflow/IMF.RES/WEO/9.0.0/,https://api.worldbank.org/v2/
RWB,Rwanda-Burundi,BDI+RWA,BDI+RWA,2003,1.59,15630029,15630029,1,0,no,Aggregated all explicit game ISO components; reviewed as a composite game country rather than comparing it with only the first sovereign state.,6507017544,10346157895,662,300,1125,300,1125,662,kept_vanilla,10346157895,6507017544,BDI: UN WPP 2024 Medium exact 2003; RWA: UN WPP 2024 Medium exact 2003,BDI: IMF exact 2003; RWA: IMF exact 2003,BDI: IMF exact 2003; RWA: IMF exact 2003,complete_primary,https://www.un.org/development/desa/pd/world-population-prospects-2024,https://api.imf.org/external/sdmx/3.0/data/dataflow/IMF.RES/WEO/9.0.0/,https://api.worldbank.org/v2/
RWB,Rwanda-Burundi,BDI+RWA,BDI+RWA,2022,1,26444435,26972127,1.0199547466224936,1.9954746622493635,no,Aggregated all explicit game ISO components; reviewed as a composite game country rather than comparing it with only the first sovereign state.,42231200000,42231200000,1597,655,2056,655,2056,1597,kept_vanilla,43073912896,43073912896,BDI: UN WPP 2024 Medium exact 2022; RWA: UN WPP 2024 Medium exact 2022,BDI: IMF exact 2022; RWA: IMF exact 2022,BDI: IMF exact 2022; RWA: IMF exact 2022,complete_primary,https://www.un.org/development/desa/pd/world-population-prospects-2024,https://api.imf.org/external/sdmx/3.0/data/dataflow/IMF.RES/WEO/9.0.0/,https://api.worldbank.org/v2/
RWB,Rwanda-Burundi,BDI+RWA,BDI+RWA,2026,0.87,29618850,29618850,1,0,no,Aggregated all explicit game ISO components; reviewed as a composite game country rather than comparing it with only the first sovereign state.,63440960000,55193635200,1863,748,2374,748,2374,1863,kept_vanilla,55193635200,63440960000,BDI: UN WPP 2024 Medium exact 2026; RWA: UN WPP 2024 Medium exact 2026,BDI: IMF exact 2026; RWA: IMF exact 2026,BDI: IMF exact 2026; RWA: IMF exact 2026,complete_primary,https://www.un.org/development/desa/pd/world-population-prospects-2024,https://api.imf.org/external/sdmx/3.0/data/dataflow/IMF.RES/WEO/9.0.0/,https://api.worldbank.org/v2/
STP,Sao Tome and Principe,STP,STP,2003,1.59,153814,153814,1,0,no,Single-country territory; UN WPP and vanilla are within the ±5% review threshold.,174853801,278017544,1807,988,3096,988,3096,1807,kept_vanilla,278017544,174853801,STP: UN WPP 2024 Medium exact 2003,STP: IMF exact 2003,STP: IMF exact 2003,complete_primary,https://www.un.org/development/desa/pd/world-population-prospects-2024,https://api.imf.org/external/sdmx/3.0/data/dataflow/IMF.RES/WEO/9.0.0/,https://api.worldbank.org/v2/
STP,Sao Tome and Principe,STP,STP,2022,1,229013,226305,0.9881753437577779,-1.1824656242222065,no,Single-country territory; UN WPP and vanilla are within the ±5% review threshold.,935440000,935440000,4085,2412,6033,2412,6033,4085,kept_vanilla,924378744,924378744,STP: UN WPP 2024 Medium exact 2022,STP: IMF exact 2022,STP: IMF exact 2022,complete_primary,https://www.un.org/development/desa/pd/world-population-prospects-2024,https://api.imf.org/external/sdmx/3.0/data/dataflow/IMF.RES/WEO/9.0.0/,https://api.worldbank.org/v2/
STP,Sao Tome and Principe,STP,STP,2026,0.87,244994,244994,1,0,no,Single-country territory; UN WPP and vanilla are within the ±5% review threshold.,1367520000,1189742400,4856,4123,5839,4123,5839,4856,kept_vanilla,1189742400,1367520000,STP: UN WPP 2024 Medium exact 2026,STP: IMF exact 2026,STP: IMF exact 2026,complete_primary,https://www.un.org/development/desa/pd/world-population-prospects-2024,https://api.imf.org/external/sdmx/3.0/data/dataflow/IMF.RES/WEO/9.0.0/,https://api.worldbank.org/v2/
SAU,Saudi Arabia,SAU,SAU,2003,1.59,18786767,18786767,1,0,no,Single-country territory; UN WPP and vanilla are within the ±5% review threshold.,398103508772,632984578947,33693,18265,58633,18265,58633,33693,kept_vanilla,632984578947,398103508772,SAU: UN WPP 2024 Medium exact 2003,SAU: IMF exact 2003,SAU: IMF exact 2003,complete_primary,https://www.un.org/development/desa/pd/world-population-prospects-2024,https://api.imf.org/external/sdmx/3.0/data/dataflow/IMF.RES/WEO/9.0.0/,https://api.worldbank.org/v2/
SAU,Saudi Arabia,SAU,SAU,2022,1,36000289,32175352,0.8937526029304932,-10.624739706950681,yes — reviewed,"Single-country game territory and UN country/area boundary align. The difference is an updated historical estimate/projection vintage, not a geographic-scope mismatch; accept the UN WPP value for a consistent source vintage.",1762236960000,1762236960000,48951,38510,71956,38510,71956,48951,kept_vanilla,1575003869980,1575003869980,SAU: UN WPP 2024 Medium exact 2022,SAU: IMF exact 2022,SAU: IMF exact 2022,complete_primary,https://www.un.org/development/desa/pd/world-population-prospects-2024,https://api.imf.org/external/sdmx/3.0/data/dataflow/IMF.RES/WEO/9.0.0/,https://api.worldbank.org/v2/
SAU,Saudi Arabia,SAU,SAU,2026,0.87,35165787,35165787,1,0,no,Single-country territory; UN WPP and vanilla are within the ±5% review threshold.,2365897600000,2058330912000,58532,34356,71612,34356,71612,58532,kept_vanilla,2058330912000,2365897600000,SAU: UN WPP 2024 Medium exact 2026,SAU: IMF exact 2026,SAU: IMF exact 2026,complete_primary,https://www.un.org/development/desa/pd/world-population-prospects-2024,https://api.imf.org/external/sdmx/3.0/data/dataflow/IMF.RES/WEO/9.0.0/,https://api.worldbank.org/v2/
SEG,Senegal,SEN,SEN,2003,1.59,10721176,10721176,1,0,no,Single-country territory; UN WPP and vanilla are within the ±5% review threshold.,12786549708,20330614036,1896,1300,3243,1300,3243,1896,kept_vanilla,20330614036,12786549708,SEN: UN WPP 2024 Medium exact 2003,SEN: IMF exact 2003,SEN: IMF exact 2003,complete_primary,https://www.un.org/development/desa/pd/world-population-prospects-2024,https://api.imf.org/external/sdmx/3.0/data/dataflow/IMF.RES/WEO/9.0.0/,https://api.worldbank.org/v2/
SEG,Senegal,SEN,SEN,2022,1,17798049,17651103,0.9917437017956294,-0.8256298204370571,no,Single-country territory; UN WPP and vanilla are within the ±5% review threshold.,63660080000,63660080000,3577,1577,4529,1577,4529,3577,kept_vanilla,63134483396,63134483396,SEN: UN WPP 2024 Medium exact 2022,SEN: IMF exact 2022,SEN: IMF exact 2022,complete_primary,https://www.un.org/development/desa/pd/world-population-prospects-2024,https://api.imf.org/external/sdmx/3.0/data/dataflow/IMF.RES/WEO/9.0.0/,https://api.worldbank.org/v2/
SEG,Senegal,SEN,SEN,2026,0.87,19366548,19366548,1,0,no,Single-country territory; UN WPP and vanilla are within the ±5% review threshold.,92778400000,80717208000,4168,1818,4925,1818,4925,4168,kept_vanilla,80717208000,92778400000,SEN: UN WPP 2024 Medium exact 2026,SEN: IMF exact 2026,SEN: IMF exact 2026,complete_primary,https://www.un.org/development/desa/pd/world-population-prospects-2024,https://api.imf.org/external/sdmx/3.0/data/dataflow/IMF.RES/WEO/9.0.0/,https://api.worldbank.org/v2/
SER,Serbia,SRB,SRB,2003,1.59,7590935,7590935,1,0,no,Single-country territory; UN WPP and vanilla are within the ±5% review threshold.,35756725146,56853192982,7490,4949,14242,4949,14242,7490,kept_vanilla,56853192982,35756725146,SRB: UN WPP 2024 Medium exact 2003,SRB: IMF exact 2003,SRB: IMF exact 2003,complete_primary,https://www.un.org/development/desa/pd/world-population-prospects-2024,https://api.imf.org/external/sdmx/3.0/data/dataflow/IMF.RES/WEO/9.0.0/,https://api.worldbank.org/v2/
SER,Serbia,SRB,SRB,2022,1,6870320,6791213,0.9884856891673168,-1.1514310832683172,no,Single-country territory; UN WPP and vanilla are within the ±5% review threshold.,143967120000,143967120000,20955,9838,26204,9838,26204,20955,kept_vanilla,142309437831,142309437831,SRB: UN WPP 2024 Medium exact 2022,SRB: IMF exact 2022,SRB: IMF exact 2022,complete_primary,https://www.un.org/development/desa/pd/world-population-prospects-2024,https://api.imf.org/external/sdmx/3.0/data/dataflow/IMF.RES/WEO/9.0.0/,https://api.worldbank.org/v2/
SER,Serbia,SRB,SRB,2026,0.87,6641964,6641964,1,0,no,Single-country territory; UN WPP and vanilla are within the ±5% review threshold.,190274480000,165538797600,24923,14674,29652,14674,29652,24923,kept_vanilla,165538797600,190274480000,SRB: UN WPP 2024 Medium exact 2026,SRB: IMF exact 2026,SRB: IMF exact 2026,complete_primary,https://www.un.org/development/desa/pd/world-population-prospects-2024,https://api.imf.org/external/sdmx/3.0/data/dataflow/IMF.RES/WEO/9.0.0/,https://api.worldbank.org/v2/
SYC,Seychelles,SYC,SYC,2003,1.59,87034,87034,1,0,no,Single-country territory; UN WPP and vanilla are within the ±5% review threshold.,629824561,1001421052,11506,12892,19667,12892,19667,12892,clamped_to_nominal,1122067770,705703000,SYC: UN WPP 2024 Medium exact 2003,SYC: IMF exact 2003,SYC: IMF exact 2003,complete_primary,https://www.un.org/development/desa/pd/world-population-prospects-2024,https://api.imf.org/external/sdmx/3.0/data/dataflow/IMF.RES/WEO/9.0.0/,https://api.worldbank.org/v2/
SYC,Seychelles,SYC,SYC,2022,1,99613,125522,1.2600965737403753,26.00965737403753,yes — reviewed,"Single-country game territory and UN country/area boundary align. The difference is an updated historical estimate/projection vintage, not a geographic-scope mismatch; accept the UN WPP value for a consistent source vintage.",3070320000,3070320000,30822,15932,27901,15932,27901,27901,clamped_to_ppp,3502185000,3502185000,SYC: UN WPP 2024 Medium exact 2022,SYC: IMF exact 2022,SYC: IMF exact 2022,complete_primary,https://www.un.org/development/desa/pd/world-population-prospects-2024,https://api.imf.org/external/sdmx/3.0/data/dataflow/IMF.RES/WEO/9.0.0/,https://api.worldbank.org/v2/
SYC,Seychelles,SYC,SYC,2026,0.87,134959,134959,1,0,no,Single-country territory; UN WPP and vanilla are within the ±5% review threshold.,3755840000,3267580800,24212,14510,29435,14510,29435,24212,kept_vanilla,3267580800,3755840000,SYC: UN WPP 2024 Medium exact 2026,SYC: IMF exact 2026,SYC: IMF exact 2026,complete_primary,https://www.un.org/development/desa/pd/world-population-prospects-2024,https://api.imf.org/external/sdmx/3.0/data/dataflow/IMF.RES/WEO/9.0.0/,https://api.worldbank.org/v2/
SLE,Sierra Leone,SLE,SLE,2003,1.59,5177687,5177687,1,0,no,Single-country territory; UN WPP and vanilla are within the ±5% review threshold.,4440350877,7060157894,1364,681,2332,681,2332,1364,kept_vanilla,7060157894,4440350877,SLE: UN WPP 2024 Medium exact 2003,SLE: IMF exact 2003,SLE: IMF exact 2003,complete_primary,https://www.un.org/development/desa/pd/world-population-prospects-2024,https://api.imf.org/external/sdmx/3.0/data/dataflow/IMF.RES/WEO/9.0.0/,https://api.worldbank.org/v2/
SLE,Sierra Leone,SLE,SLE,2022,1,8358303,8276807,0.9902496954226235,-0.9750304577376467,no,Single-country territory; UN WPP and vanilla are within the ±5% review threshold.,14323760000,14323760000,1714,860,3143,860,3143,1714,kept_vanilla,14184098977,14184098977,SLE: UN WPP 2024 Medium exact 2022,SLE: IMF exact 2022,SLE: IMF exact 2022,complete_primary,https://www.un.org/development/desa/pd/world-population-prospects-2024,https://api.imf.org/external/sdmx/3.0/data/dataflow/IMF.RES/WEO/9.0.0/,https://api.worldbank.org/v2/
SLE,Sierra Leone,SLE,SLE,2026,0.87,8996745,8996745,1,0,no,Single-country territory; UN WPP and vanilla are within the ±5% review threshold.,28604400000,24885828000,2766,800,3403,800,3403,2766,kept_vanilla,24885828000,28604400000,SLE: UN WPP 2024 Medium exact 2026,SLE: IMF exact 2026,SLE: IMF exact 2026,complete_primary,https://www.un.org/development/desa/pd/world-population-prospects-2024,https://api.imf.org/external/sdmx/3.0/data/dataflow/IMF.RES/WEO/9.0.0/,https://api.worldbank.org/v2/
SGP,Singapore,SGP,SGP,2003,1.59,4138245,4138245,1,0,no,Single-country territory; UN WPP and vanilla are within the ±5% review threshold.,109485380117,174081754386,42067,37518,72160,37518,72160,42067,kept_vanilla,174081754386,109485380117,SGP: UN WPP 2024 Medium exact 2003,SGP: IMF exact 2003,SGP: IMF exact 2003,complete_primary,https://www.un.org/development/desa/pd/world-population-prospects-2024,https://api.imf.org/external/sdmx/3.0/data/dataflow/IMF.RES/WEO/9.0.0/,https://api.worldbank.org/v2/
SGP,Singapore,SGP,SGP,2022,1,5957872,5649885,0.9483058716266479,-5.169412837335208,yes — reviewed,"Single-country game territory and UN country/area boundary align. The difference is an updated historical estimate/projection vintage, not a geographic-scope mismatch; accept the UN WPP value for a consistent source vintage.",617587520000,617587520000,103659,91020,144089,91020,144089,103659,kept_vanilla,585661871459,585661871459,SGP: UN WPP 2024 Medium exact 2022,SGP: IMF exact 2022,SGP: IMF exact 2022,complete_primary,https://www.un.org/development/desa/pd/world-population-prospects-2024,https://api.imf.org/external/sdmx/3.0/data/dataflow/IMF.RES/WEO/9.0.0/,https://api.worldbank.org/v2/
SGP,Singapore,SGP,SGP,2026,0.87,5905748,5905748,1,0,no,Single-country territory; UN WPP and vanilla are within the ±5% review threshold.,838326720000,729344246400,123497,97164,156630,97164,156630,123497,kept_vanilla,729344246400,838326720000,SGP: UN WPP 2024 Medium exact 2026,SGP: IMF exact 2026,SGP: IMF exact 2026,complete_primary,https://www.un.org/development/desa/pd/world-population-prospects-2024,https://api.imf.org/external/sdmx/3.0/data/dataflow/IMF.RES/WEO/9.0.0/,https://api.worldbank.org/v2/
SLO,Slovakia,SVK,SVK,2003,1.59,5376196,5376196,1,0,no,Single-country territory; UN WPP and vanilla are within the ±5% review threshold.,43281286550,68817245615,12800,10015,21887,10015,21887,12800,kept_vanilla,68817245615,43281286550,SVK: UN WPP 2024 Medium exact 2003,SVK: IMF exact 2003,SVK: IMF exact 2003,complete_primary,https://www.un.org/development/desa/pd/world-population-prospects-2024,https://api.imf.org/external/sdmx/3.0/data/dataflow/IMF.RES/WEO/9.0.0/,https://api.worldbank.org/v2/
SLO,Slovakia,SVK,SVK,2022,1,5459991,5473197,1.0024186853055252,0.24186853055252477,no,Single-country territory; UN WPP and vanilla are within the ±5% review threshold.,185784720000,185784720000,34027,21173,41172,21173,41172,34027,kept_vanilla,186234074772,186234074772,SVK: UN WPP 2024 Medium exact 2022,SVK: IMF exact 2022,SVK: IMF exact 2022,complete_primary,https://www.un.org/development/desa/pd/world-population-prospects-2024,https://api.imf.org/external/sdmx/3.0/data/dataflow/IMF.RES/WEO/9.0.0/,https://api.worldbank.org/v2/
SLO,Slovakia,SVK,SVK,2026,0.87,5451342,5451342,1,0,no,Single-country territory; UN WPP and vanilla are within the ±5% review threshold.,226177600000,196774512000,36097,26955,42679,26955,42679,36097,kept_vanilla,196774512000,226177600000,SVK: UN WPP 2024 Medium exact 2026,SVK: IMF exact 2026,SVK: IMF exact 2026,complete_primary,https://www.un.org/development/desa/pd/world-population-prospects-2024,https://api.imf.org/external/sdmx/3.0/data/dataflow/IMF.RES/WEO/9.0.0/,https://api.worldbank.org/v2/
SLV,Slovenia,SVN,SVN,2003,1.59,1992490,1992490,1,0,no,Single-country territory; UN WPP and vanilla are within the ±5% review threshold.,25602339181,40707719298,20431,23460,34936,23460,34936,23460,clamped_to_nominal,46744107900,29398810000,SVN: UN WPP 2024 Medium exact 2003,SVN: IMF exact 2003,SVN: IMF exact 2003,complete_primary,https://www.un.org/development/desa/pd/world-population-prospects-2024,https://api.imf.org/external/sdmx/3.0/data/dataflow/IMF.RES/WEO/9.0.0/,https://api.worldbank.org/v2/
SLV,Slovenia,SVN,SVN,2022,1,2077864,2115228,1.0179819275948763,1.7981927594876268,no,Single-country territory; UN WPP and vanilla are within the ±5% review threshold.,90133120000,90133120000,43378,28340,50726,28340,50726,43378,kept_vanilla,91753887238,91753887238,SVN: UN WPP 2024 Medium exact 2022,SVN: IMF exact 2022,SVN: IMF exact 2022,complete_primary,https://www.un.org/development/desa/pd/world-population-prospects-2024,https://api.imf.org/external/sdmx/3.0/data/dataflow/IMF.RES/WEO/9.0.0/,https://api.worldbank.org/v2/
SLV,Slovenia,SVN,SVN,2026,0.87,2114574,2114573,0.9999995270915087,-0.00004729084912558079,no,Single-country territory; UN WPP and vanilla are within the ±5% review threshold.,108638640000,94515616800,44697,35684,53279,35684,53279,44697,kept_vanilla,94515572103,108638588624,SVN: UN WPP 2024 Medium exact 2026,SVN: IMF exact 2026,SVN: IMF exact 2026,complete_primary,https://www.un.org/development/desa/pd/world-population-prospects-2024,https://api.imf.org/external/sdmx/3.0/data/dataflow/IMF.RES/WEO/9.0.0/,https://api.worldbank.org/v2/
SOM,Somalia,SOM,SOM × 0.744000,2003,1.59,7372413,7372413,1,0,no,"The UN/World Bank Somalia total includes Somaliland. Partition the same full-territory total between the two game countries using their vanilla regional shares, preventing both omission and double counting.",8501169591,13516859650,1833,455,870,455,870,870,clamped_to_ppp,6416394652,4035468335,SOM: UN WPP 2024 Medium Somalia total partitioned by the scenario's vanilla Somalia/Somaliland regional population share (74.40%),SOM: World Bank exact 2003; partitioned to Somalia using 74.40% population share,SOM: World Bank exact 2003; partitioned to Somalia using 74.40% population share,secondary_source,https://www.un.org/development/desa/pd/world-population-prospects-2024,https://api.imf.org/external/sdmx/3.0/data/dataflow/IMF.RES/WEO/9.0.0/,https://api.worldbank.org/v2/
SOM,Somalia,SOM,SOM × 0.743622,2022,1,12637569,13237883,1.0475023467730626,4.750234677306264,no,"The UN/World Bank Somalia total includes Somaliland. Partition the same full-territory total between the two game countries using their vanilla regional shares, preventing both omission and double counting.",18164080000,18164080000,1437,573,1487,573,1487,1437,kept_vanilla,19026916427,19026916427,SOM: UN WPP 2024 Medium Somalia total partitioned by the scenario's vanilla Somalia/Somaliland regional population share (74.36%),SOM: IMF exact 2022; partitioned to Somalia using 74.36% population share,SOM: IMF exact 2022; partitioned to Somalia using 74.36% population share,complete_primary,https://www.un.org/development/desa/pd/world-population-prospects-2024,https://api.imf.org/external/sdmx/3.0/data/dataflow/IMF.RES/WEO/9.0.0/,https://api.worldbank.org/v2/
SOM,Somalia,SOM,SOM × 0.690000,2026,0.87,14011076,14011076,1,0,no,"The UN/World Bank Somalia total includes Somaliland. Partition the same full-territory total between the two game countries using their vanilla regional shares, preventing both omission and double counting.",28596480000,24878937600,1776,607,1461,607,1461,1461,clamped_to_ppp,20474875370,23534339506,SOM: UN WPP 2024 Medium Somalia total partitioned by the scenario's vanilla Somalia/Somaliland regional population share (69.00%),SOM: IMF exact 2026; partitioned to Somalia using 69.00% population share,SOM: IMF exact 2026; partitioned to Somalia using 69.00% population share,complete_primary,https://www.un.org/development/desa/pd/world-population-prospects-2024,https://api.imf.org/external/sdmx/3.0/data/dataflow/IMF.RES/WEO/9.0.0/,https://api.worldbank.org/v2/
SOL,Somaliland,,SOM × 0.256378,2022,1,4357044,4564014,1.0475023467730626,4.750234677306264,no,"The UN/World Bank Somalia total includes Somaliland. Partition the same full-territory total between the two game countries using their vanilla regional shares, preventing both omission and double counting.",5668258200,5668258200,1301,573,1487,573,1487,1301,kept_vanilla,5937513767,5937513767,SOM: UN WPP 2024 Medium Somalia total partitioned by the scenario's vanilla Somalia/Somaliland regional population share (25.64%),SOM: IMF exact 2022; partitioned to Somaliland using 25.64% population share,SOM: IMF exact 2022; partitioned to Somaliland using 25.64% population share,complete_primary,https://www.un.org/development/desa/pd/world-population-prospects-2024,https://api.imf.org/external/sdmx/3.0/data/dataflow/IMF.RES/WEO/9.0.0/,https://api.worldbank.org/v2/
SOL,Somaliland,,SOM × 0.310000,2026,0.87,6294831,6294831,1,0,no,"The UN/World Bank Somalia total includes Somaliland. Partition the same full-territory total between the two game countries using their vanilla regional shares, preventing both omission and double counting.",8324800000,7242576000,1151,607,1461,607,1461,1151,kept_vanilla,7242576000,8324800000,SOM: UN WPP 2024 Medium Somalia total partitioned by the scenario's vanilla Somalia/Somaliland regional population share (31.00%),SOM: IMF exact 2026; partitioned to Somaliland using 31.00% population share,SOM: IMF exact 2026; partitioned to Somaliland using 31.00% population share,complete_primary,https://www.un.org/development/desa/pd/world-population-prospects-2024,https://api.imf.org/external/sdmx/3.0/data/dataflow/IMF.RES/WEO/9.0.0/,https://api.worldbank.org/v2/
ZAF,South Africa,ZAF,ZAF,2003,1.59,51552107,48500348,0.9408024389769365,-5.9197561023063505,yes — reviewed,"Single-country game territory and UN country/area boundary align. The difference is an updated historical estimate/projection vintage, not a geographic-scope mismatch; accept the UN WPP value for a consistent source vintage.",245490643275,390330122807,7572,6459,13762,6459,13762,7572,kept_vanilla,367223531543,230958195939,ZAF: UN WPP 2024 Medium exact 2003,ZAF: IMF exact 2003,ZAF: IMF exact 2003,complete_primary,https://www.un.org/development/desa/pd/world-population-prospects-2024,https://api.imf.org/external/sdmx/3.0/data/dataflow/IMF.RES/WEO/9.0.0/,https://api.worldbank.org/v2/
ZAF,South Africa,ZAF,ZAF,2022,1,64346678,62378410,0.969411505594741,-3.0588494405259015,no,Single-country territory; UN WPP and vanilla are within the ±5% review threshold.,825408320000,825408320000,12828,6532,14747,6532,14747,12828,kept_vanilla,800160322222,800160322222,ZAF: UN WPP 2024 Medium exact 2022,ZAF: IMF exact 2022,ZAF: IMF exact 2022,complete_primary,https://www.un.org/development/desa/pd/world-population-prospects-2024,https://api.imf.org/external/sdmx/3.0/data/dataflow/IMF.RES/WEO/9.0.0/,https://api.worldbank.org/v2/
ZAF,South Africa,ZAF,ZAF,2026,0.87,69112279,65453084,0.9470543432665561,-5.294565673344387,yes — reviewed,"Single-country game territory and UN country/area boundary align. The difference is an updated historical estimate/projection vintage, not a geographic-scope mismatch; accept the UN WPP value for a consistent source vintage.",903320000000,785888400000,11371,6380,14234,6380,14234,11371,kept_vanilla,744279022543,855493129360,ZAF: UN WPP 2024 Medium exact 2026,ZAF: IMF exact 2026,ZAF: IMF exact 2026,complete_primary,https://www.un.org/development/desa/pd/world-population-prospects-2024,https://api.imf.org/external/sdmx/3.0/data/dataflow/IMF.RES/WEO/9.0.0/,https://api.worldbank.org/v2/
KOR,South Korea,KOR,KOR,2003,1.59,47514160,47514160,1,0,no,Single-country territory; UN WPP and vanilla are within the ±5% review threshold.,590179532164,938385456141,19750,24378,33772,24378,33772,24378,clamped_to_nominal,1158310478040,728497156000,KOR: UN WPP 2024 Medium exact 2003,KOR: IMF exact 2003,KOR: IMF exact 2003,complete_primary,https://www.un.org/development/desa/pd/world-population-prospects-2024,https://api.imf.org/external/sdmx/3.0/data/dataflow/IMF.RES/WEO/9.0.0/,https://api.worldbank.org/v2/
KOR,South Korea,KOR,KOR,2022,1,51337033,51782512,1.008677536935179,0.8677536935179031,no,Single-country territory; UN WPP and vanilla are within the ±5% review threshold.,2735870000000,2735870000000,53292,34748,57072,34748,57072,53292,kept_vanilla,2759610612975,2759610612975,KOR: UN WPP 2024 Medium exact 2022,KOR: IMF exact 2022,KOR: IMF exact 2022,complete_primary,https://www.un.org/development/desa/pd/world-population-prospects-2024,https://api.imf.org/external/sdmx/3.0/data/dataflow/IMF.RES/WEO/9.0.0/,https://api.worldbank.org/v2/
KOR,South Korea,KOR,KOR,2026,0.87,51600388,51600388,1,0,no,Single-country territory; UN WPP and vanilla are within the ±5% review threshold.,2959808720000,2575033586400,49903,32557,59720,32557,59720,49903,kept_vanilla,2575033586400,2959808720000,KOR: UN WPP 2024 Medium exact 2026,KOR: IMF exact 2026,KOR: IMF exact 2026,complete_primary,https://www.un.org/development/desa/pd/world-population-prospects-2024,https://api.imf.org/external/sdmx/3.0/data/dataflow/IMF.RES/WEO/9.0.0/,https://api.worldbank.org/v2/
SSD,South Sudan,SSD,SSD,2003,1.59,6903127,6903127,1,0,no,Single-country territory; UN WPP and vanilla are within the ±5% review threshold.,5635672515,8960719299,1298,1566,3527,1566,3527,1566,clamped_to_nominal,10811729193,6799829681,SSD: UN WPP 2024 Medium exact 2003,"SSD: peer-growth inference from World Bank 2008; Sub-Saharan Africa ; Low income median 8.00%/yr (20 peers, capped at ±8%)","SSD: peer-growth inference from World Bank 2008; Sub-Saharan Africa ; Low income median 2.64%/yr (20 peers, capped at ±8%)",inferred,https://www.un.org/development/desa/pd/world-population-prospects-2024,https://api.imf.org/external/sdmx/3.0/data/dataflow/IMF.RES/WEO/9.0.0/,https://api.worldbank.org/v2/
SSD,South Sudan,SSD,SSD,2022,1,11695668,11021177,0.9423298438361964,-5.767015616380355,yes — reviewed,"Single-country game territory and UN country/area boundary align. The difference is an updated historical estimate/projection vintage, not a geographic-scope mismatch; accept the UN WPP value for a consistent source vintage.",11909040000,11909040000,1018,683,1336,683,1336,1018,kept_vanilla,11222243803,11222243803,SSD: UN WPP 2024 Medium exact 2022,SSD: IMF exact 2022,SSD: IMF exact 2022,complete_primary,https://www.un.org/development/desa/pd/world-population-prospects-2024,https://api.imf.org/external/sdmx/3.0/data/dataflow/IMF.RES/WEO/9.0.0/,https://api.worldbank.org/v2/
SSD,South Sudan,SSD,SSD,2026,0.87,12436037,12436037,1,0,no,Single-country territory; UN WPP and vanilla are within the ±5% review threshold.,10019680000,8717121600,701,425,1340,425,1340,701,kept_vanilla,8717121600,10019680000,SSD: UN WPP 2024 Medium exact 2026,SSD: IMF exact 2026,SSD: IMF exact 2026,complete_primary,https://www.un.org/development/desa/pd/world-population-prospects-2024,https://api.imf.org/external/sdmx/3.0/data/dataflow/IMF.RES/WEO/9.0.0/,https://api.worldbank.org/v2/
ESP,Spain,ESP,ESP,2003,1.59,42506544,42506543,0.9999999764742107,-0.000002352578931663629,no,Single-country territory; UN WPP and vanilla are within the ±5% review threshold.,702970175439,1117722578948,26295,33955,44964,33955,44964,33955,clamped_to_nominal,1443300028530,907735867000,ESP: UN WPP 2024 Medium exact 2003,ESP: IMF exact 2003,ESP: IMF exact 2003,complete_primary,https://www.un.org/development/desa/pd/world-population-prospects-2024,https://api.imf.org/external/sdmx/3.0/data/dataflow/IMF.RES/WEO/9.0.0/,https://api.worldbank.org/v2/
ESP,Spain,ESP,ESP,2022,1,46710039,47828382,1.0239422407675576,2.3942240767557577,no,Single-country territory; UN WPP and vanilla are within the ±5% review threshold.,1944288720000,1944288720000,41625,30317,49802,30317,49802,41625,kept_vanilla,1990839348656,1990839348656,ESP: UN WPP 2024 Medium exact 2022,ESP: IMF exact 2022,ESP: IMF exact 2022,complete_primary,https://www.un.org/development/desa/pd/world-population-prospects-2024,https://api.imf.org/external/sdmx/3.0/data/dataflow/IMF.RES/WEO/9.0.0/,https://api.worldbank.org/v2/
ESP,Spain,ESP,ESP,2026,0.87,47850793,47850793,1,0,no,Single-country territory; UN WPP and vanilla are within the ±5% review threshold.,2489088800000,2165507256000,45255,38022,54144,38022,54144,45255,kept_vanilla,2165507256000,2489088800000,ESP: UN WPP 2024 Medium exact 2026,ESP: IMF exact 2026,ESP: IMF exact 2026,complete_primary,https://www.un.org/development/desa/pd/world-population-prospects-2024,https://api.imf.org/external/sdmx/3.0/data/dataflow/IMF.RES/WEO/9.0.0/,https://api.worldbank.org/v2/
LKA,Sri Lanka,LKA,LKA,2003,1.59,19951521,19951521,1,0,no,Single-country territory; UN WPP and vanilla are within the ±5% review threshold.,56567836257,89942859649,4508,1781,7709,1781,7709,4508,kept_vanilla,89942859649,56567836257,LKA: UN WPP 2024 Medium exact 2003,LKA: IMF exact 2003,LKA: IMF exact 2003,complete_primary,https://www.un.org/development/desa/pd/world-population-prospects-2024,https://api.imf.org/external/sdmx/3.0/data/dataflow/IMF.RES/WEO/9.0.0/,https://api.worldbank.org/v2/
LKA,Sri Lanka,LKA,LKA,2022,1,21600347,22834965,1.0571573225189392,5.7157322518939235,yes — reviewed,"Single-country game territory and UN country/area boundary align. The difference is an updated historical estimate/projection vintage, not a geographic-scope mismatch; accept the UN WPP value for a consistent source vintage.",299957680000,299957680000,13887,3266,13785,3266,13785,13785,clamped_to_ppp,314779282000,314779282000,LKA: UN WPP 2024 Medium exact 2022,LKA: IMF exact 2022,LKA: IMF exact 2022,complete_primary,https://www.un.org/development/desa/pd/world-population-prospects-2024,https://api.imf.org/external/sdmx/3.0/data/dataflow/IMF.RES/WEO/9.0.0/,https://api.worldbank.org/v2/
LKA,Sri Lanka,LKA,LKA,2026,0.87,23348315,23348315,1,0,no,Single-country territory; UN WPP and vanilla are within the ±5% review threshold.,301491520000,262297622400,11234,4575,15732,4575,15732,11234,kept_vanilla,262297622400,301491520000,LKA: UN WPP 2024 Medium exact 2026,"LKA: peer-growth inference from World Bank 2025; South Asia median 2.20%/yr (5 peers, capped at ±8%)","LKA: peer-growth inference from World Bank 2025; South Asia median 3.01%/yr (5 peers, capped at ±8%)",inferred,https://www.un.org/development/desa/pd/world-population-prospects-2024,https://api.imf.org/external/sdmx/3.0/data/dataflow/IMF.RES/WEO/9.0.0/,https://api.worldbank.org/v2/
SDN,Sudan,SDN,SDN,2003,1.59,29896036,29896035,0.9999999665507494,-0.0000033449250591566226,no,Single-country territory; UN WPP and vanilla are within the ±5% review threshold.,67181286550,106818245615,3573,1136,6110,1136,6110,3573,kept_vanilla,106818242042,67181284303,SDN: UN WPP 2024 Medium exact 2003,SDN: IMF exact 2003,SDN: IMF exact 2003,complete_primary,https://www.un.org/development/desa/pd/world-population-prospects-2024,https://api.imf.org/external/sdmx/3.0/data/dataflow/IMF.RES/WEO/9.0.0/,https://api.worldbank.org/v2/
SDN,Sudan,SDN,SDN,2022,1,46333401,49383346,1.0658260549446823,6.58260549446823,yes — reviewed,"Single-country game territory and UN country/area boundary align. The difference is an updated historical estimate/projection vintage, not a geographic-scope mismatch; accept the UN WPP value for a consistent source vintage.",182455680000,182455680000,3938,678,3617,678,3617,3617,clamped_to_ppp,178632257000,178632257000,SDN: UN WPP 2024 Medium exact 2022,SDN: IMF exact 2022,SDN: IMF exact 2022,complete_primary,https://www.un.org/development/desa/pd/world-population-prospects-2024,https://api.imf.org/external/sdmx/3.0/data/dataflow/IMF.RES/WEO/9.0.0/,https://api.worldbank.org/v2/
SDN,Sudan,SDN,SDN,2026,0.87,53282718,53282719,1.0000000187678113,0.0000018767811305053783,no,Single-country territory; UN WPP and vanilla are within the ±5% review threshold.,103640240000,90167008800,1692,730,2070,730,2070,1692,kept_vanilla,90167010492,103640241945,SDN: UN WPP 2024 Medium exact 2026,SDN: IMF exact 2026,SDN: IMF exact 2026,complete_primary,https://www.un.org/development/desa/pd/world-population-prospects-2024,https://api.imf.org/external/sdmx/3.0/data/dataflow/IMF.RES/WEO/9.0.0/,https://api.worldbank.org/v2/
SUR,Suriname,SUR,SUR,2003,1.59,506414,506414,1,0,no,Single-country territory; UN WPP and vanilla are within the ±5% review threshold.,3178947368,5054526315,9981,5428,17068,5428,17068,9981,kept_vanilla,5054526315,3178947368,SUR: UN WPP 2024 Medium exact 2003,SUR: IMF exact 2003,SUR: IMF exact 2003,complete_primary,https://www.un.org/development/desa/pd/world-population-prospects-2024,https://api.imf.org/external/sdmx/3.0/data/dataflow/IMF.RES/WEO/9.0.0/,https://api.worldbank.org/v2/
SUR,Suriname,SUR,SUR,2022,1,598366,623164,1.0414428627295,4.144286272950004,no,Single-country territory; UN WPP and vanilla are within the ±5% review threshold.,9394880000,9394880000,15701,6101,19914,6101,19914,15701,kept_vanilla,9784230722,9784230722,SUR: UN WPP 2024 Medium exact 2022,SUR: IMF exact 2022,SUR: IMF exact 2022,complete_primary,https://www.un.org/development/desa/pd/world-population-prospects-2024,https://api.imf.org/external/sdmx/3.0/data/dataflow/IMF.RES/WEO/9.0.0/,https://api.worldbank.org/v2/
SUR,Suriname,SUR,SUR,2026,0.87,645257,645256,0.9999984502299084,-0.0001549770091591185,no,Single-country territory; UN WPP and vanilla are within the ±5% review threshold.,12973840000,11287240800,17493,7966,20674,7966,20674,17493,kept_vanilla,11287223307,12973819894,SUR: UN WPP 2024 Medium exact 2026,SUR: IMF exact 2026,SUR: IMF exact 2026,complete_primary,https://www.un.org/development/desa/pd/world-population-prospects-2024,https://api.imf.org/external/sdmx/3.0/data/dataflow/IMF.RES/WEO/9.0.0/,https://api.worldbank.org/v2/
SCA,Sweden,SWE,SWE,2003,1.59,8958431,8958431,1,0,no,Single-country territory; UN WPP and vanilla are within the ±5% review threshold.,173656140351,276113263158,30822,59293,52709,52709,59293,52709,clamped_to_ppp,472190294520,296975028000,SWE: UN WPP 2024 Medium exact 2003,SWE: IMF exact 2003,SWE: IMF exact 2003,complete_primary,https://www.un.org/development/desa/pd/world-population-prospects-2024,https://api.imf.org/external/sdmx/3.0/data/dataflow/IMF.RES/WEO/9.0.0/,https://api.worldbank.org/v2/
SCA,Sweden,SWE,SWE,2022,1,10237037,10487338,1.0244505319263768,2.4450531926376806,no,Single-country territory; UN WPP and vanilla are within the ±5% review threshold.,593351440000,593351440000,57961,54835,67410,54835,67410,57961,kept_vanilla,607859198327,607859198327,SWE: UN WPP 2024 Medium exact 2022,SWE: IMF exact 2022,SWE: IMF exact 2022,complete_primary,https://www.un.org/development/desa/pd/world-population-prospects-2024,https://api.imf.org/external/sdmx/3.0/data/dataflow/IMF.RES/WEO/9.0.0/,https://api.worldbank.org/v2/
SCA,Sweden,SWE,SWE,2026,0.87,10701047,10701047,1,0,no,Single-country territory; UN WPP and vanilla are within the ±5% review threshold.,703718400000,612235008000,57213,61827,67442,61827,67442,61827,clamped_to_nominal,661618246410,760480743000,SWE: UN WPP 2024 Medium exact 2026,SWE: IMF exact 2026,SWE: IMF exact 2026,complete_primary,https://www.un.org/development/desa/pd/world-population-prospects-2024,https://api.imf.org/external/sdmx/3.0/data/dataflow/IMF.RES/WEO/9.0.0/,https://api.worldbank.org/v2/
SWI,Switzerland,CHE,CHE,2003,1.59,7367507,7333447,0.9953769979451665,-0.4623002054833458,no,Single-country territory; UN WPP and vanilla are within the ±5% review threshold.,194363157895,309037421053,41946,79483,73367,73367,79483,73367,clamped_to_ppp,538032116610,338384979000,CHE: UN WPP 2024 Medium exact 2003,CHE: IMF exact 2003,CHE: IMF exact 2003,complete_primary,https://www.un.org/development/desa/pd/world-population-prospects-2024,https://api.imf.org/external/sdmx/3.0/data/dataflow/IMF.RES/WEO/9.0.0/,https://api.worldbank.org/v2/
SWI,Switzerland,CHE,CHE,2022,1,8829838,8792182,0.9957353690973719,-0.4264630902628075,no,Single-country territory; UN WPP and vanilla are within the ±5% review threshold.,656103963037,656103963037,74305,97626,92586,92586,97626,92586,clamped_to_ppp,814034308000,814034308000,CHE: UN WPP 2024 Medium exact 2022,CHE: IMF exact 2022,CHE: IMF exact 2022,complete_primary,https://www.un.org/development/desa/pd/world-population-prospects-2024,https://api.imf.org/external/sdmx/3.0/data/dataflow/IMF.RES/WEO/9.0.0/,https://api.worldbank.org/v2/
SWI,Switzerland,CHE,CHE,2026,0.87,9048166,9007798,0.9955385433910032,-0.4461456608996772,no,Single-country territory; UN WPP and vanilla are within the ±5% review threshold.,782893235821,681117115164,75277,110772,92778,92778,110772,92778,clamped_to_ppp,835721163060,960599038000,CHE: UN WPP 2024 Medium exact 2026,CHE: IMF exact 2026,CHE: IMF exact 2026,complete_primary,https://www.un.org/development/desa/pd/world-population-prospects-2024,https://api.imf.org/external/sdmx/3.0/data/dataflow/IMF.RES/WEO/9.0.0/,https://api.worldbank.org/v2/
SYR,Syria,SYR,SYR,2003,1.59,17889296,17889296,1,0,no,Single-country territory; UN WPP and vanilla are within the ±5% review threshold.,47493567251,75514771929,4221,1929,7218,1929,7218,4221,kept_vanilla,75514771929,47493567251,SYR: UN WPP 2024 Medium exact 2003,SYR: IMF exact 2003,SYR: IMF exact 2003,complete_primary,https://www.un.org/development/desa/pd/world-population-prospects-2024,https://api.imf.org/external/sdmx/3.0/data/dataflow/IMF.RES/WEO/9.0.0/,https://api.worldbank.org/v2/
SYR,Syria,SYR,SYR,2022,1,19767125,22462173,1.1363399078014633,13.633990780146332,yes — reviewed,"Single-country game territory and UN country/area boundary align. The difference is an updated historical estimate/projection vintage, not a geographic-scope mismatch; accept the UN WPP value for a consistent source vintage.",44246400000,44246400000,2238,1057,4905,1057,4905,2238,kept_vanilla,50278950097,50278950097,SYR: UN WPP 2024 Medium exact 2022,SYR: World Bank exact 2022,SYR: World Bank exact 2022,secondary_source,https://www.un.org/development/desa/pd/world-population-prospects-2024,https://api.imf.org/external/sdmx/3.0/data/dataflow/IMF.RES/WEO/9.0.0/,https://api.worldbank.org/v2/
SYR,Syria,SYR,SYR,2026,0.87,26472497,26472497,1,0,no,Single-country territory; UN WPP and vanilla are within the ±5% review threshold.,120013520000,104411762400,3944,966,4970,966,4970,3944,kept_vanilla,104411762400,120013520000,SYR: UN WPP 2024 Medium exact 2026,"SYR: peer-growth inference from World Bank 2022; Middle East, North Africa, Afghanistan & Pakistan median -1.69%/yr (18 peers, capped at ±8%)","SYR: peer-growth inference from World Bank 2022; Middle East, North Africa, Afghanistan & Pakistan median 0.89%/yr (19 peers, capped at ±8%)",inferred,https://www.un.org/development/desa/pd/world-population-prospects-2024,https://api.imf.org/external/sdmx/3.0/data/dataflow/IMF.RES/WEO/9.0.0/,https://api.worldbank.org/v2/
TWN,Taiwan,TWN,TWN,2003,1.59,22664125,22664125,1,0,no,Single-country territory; UN WPP and vanilla are within the ±5% review threshold.,306516959064,487361964912,21504,22266,36708,22266,36708,22266,clamped_to_nominal,504636391020,317381378000,TWN: UN WPP 2024 Medium exact 2003,TWN: IMF exact 2003,TWN: IMF exact 2003,complete_primary,https://www.un.org/development/desa/pd/world-population-prospects-2024,https://api.imf.org/external/sdmx/3.0/data/dataflow/IMF.RES/WEO/9.0.0/,https://api.worldbank.org/v2/
TWN,Taiwan,TWN,TWN,2022,1,23898689,23420111,0.9799747174416137,-2.0025282558386315,no,Single-country territory; UN WPP and vanilla are within the ±5% review threshold.,1603723000000,1603723000000,67105,32691,71028,32691,71028,67105,kept_vanilla,1571607993780,1571607993780,TWN: UN WPP 2024 Medium exact 2022,TWN: IMF exact 2022,TWN: IMF exact 2022,complete_primary,https://www.un.org/development/desa/pd/world-population-prospects-2024,https://api.imf.org/external/sdmx/3.0/data/dataflow/IMF.RES/WEO/9.0.0/,https://api.worldbank.org/v2/
TWN,Taiwan,TWN,TWN,2026,0.87,23011293,23011292,0.9999999565430765,-0.000004345692350415931,no,Single-country territory; UN WPP and vanilla are within the ±5% review threshold.,1751435840000,1523749180800,66217,36927,85998,36927,85998,66217,kept_vanilla,1523749114583,1751435763888,TWN: UN WPP 2024 Medium exact 2026,TWN: IMF exact 2026,TWN: IMF exact 2026,complete_primary,https://www.un.org/development/desa/pd/world-population-prospects-2024,https://api.imf.org/external/sdmx/3.0/data/dataflow/IMF.RES/WEO/9.0.0/,https://api.worldbank.org/v2/
TJK,Tajikistan,TJK,TJK,2003,1.59,6658575,6658575,1,0,no,Single-country territory; UN WPP and vanilla are within the ±5% review threshold.,4730409357,7521350878,1130,371,1932,371,1932,1130,kept_vanilla,7521350878,4730409357,TJK: UN WPP 2024 Medium exact 2003,TJK: IMF exact 2003,TJK: IMF exact 2003,complete_primary,https://www.un.org/development/desa/pd/world-population-prospects-2024,https://api.imf.org/external/sdmx/3.0/data/dataflow/IMF.RES/WEO/9.0.0/,https://api.worldbank.org/v2/
TJK,Tajikistan,TJK,TJK,2022,1,10022632,10182222,1.0159229631497995,1.5922963149799463,no,Single-country territory; UN WPP and vanilla are within the ±5% review threshold.,40075200000,40075200000,3998,1052,4513,1052,4513,3998,kept_vanilla,40713315933,40713315933,TJK: UN WPP 2024 Medium exact 2022,TJK: IMF exact 2022,TJK: IMF exact 2022,complete_primary,https://www.un.org/development/desa/pd/world-population-prospects-2024,https://api.imf.org/external/sdmx/3.0/data/dataflow/IMF.RES/WEO/9.0.0/,https://api.worldbank.org/v2/
TJK,Tajikistan,TJK,TJK,2026,0.87,10978599,10978599,1,0,no,Single-country territory; UN WPP and vanilla are within the ±5% review threshold.,55137280000,47969433600,4369,1618,5521,1618,5521,4369,kept_vanilla,47969433600,55137280000,TJK: UN WPP 2024 Medium exact 2026,TJK: IMF exact 2026,TJK: IMF exact 2026,complete_primary,https://www.un.org/development/desa/pd/world-population-prospects-2024,https://api.imf.org/external/sdmx/3.0/data/dataflow/IMF.RES/WEO/9.0.0/,https://api.worldbank.org/v2/
TZA,Tanzania,TZA,TZA,2003,1.59,37089555,37089555,1,0,no,Single-country territory; UN WPP and vanilla are within the ±5% review threshold.,25028654971,39795561404,1073,607,1835,607,1835,1073,kept_vanilla,39795561404,25028654971,TZA: UN WPP 2024 Medium exact 2003,TZA: IMF exact 2003,TZA: IMF exact 2003,complete_primary,https://www.un.org/development/desa/pd/world-population-prospects-2024,https://api.imf.org/external/sdmx/3.0/data/dataflow/IMF.RES/WEO/9.0.0/,https://api.worldbank.org/v2/
TZA,Tanzania,TZA,TZA,2022,1,63869366,64711821,1.013190282803183,1.3190282803182907,no,Single-country territory; UN WPP and vanilla are within the ±5% review threshold.,181779840000,181779840000,2846,1146,3546,1146,3546,2846,kept_vanilla,184177567498,184177567498,TZA: UN WPP 2024 Medium exact 2022,TZA: IMF exact 2022,TZA: IMF exact 2022,complete_primary,https://www.un.org/development/desa/pd/world-population-prospects-2024,https://api.imf.org/external/sdmx/3.0/data/dataflow/IMF.RES/WEO/9.0.0/,https://api.worldbank.org/v2/
TZA,Tanzania,TZA,TZA,2026,0.87,72563781,72563780,0.9999999862190202,-0.000001378097980175852,no,Single-country territory; UN WPP and vanilla are within the ±5% review threshold.,258360960000,224774035200,3098,1138,3847,1138,3847,3098,kept_vanilla,224774032102,258360956440,TZA: UN WPP 2024 Medium exact 2026,TZA: IMF exact 2026,TZA: IMF exact 2026,complete_primary,https://www.un.org/development/desa/pd/world-population-prospects-2024,https://api.imf.org/external/sdmx/3.0/data/dataflow/IMF.RES/WEO/9.0.0/,https://api.worldbank.org/v2/
THA,Thailand,THA,THA,2003,1.59,64868166,64868166,1,0,no,Single-country territory; UN WPP and vanilla are within the ±5% review threshold.,339446198830,539719456140,8320,3733,14228,3733,14228,8320,kept_vanilla,539719456140,339446198830,THA: UN WPP 2024 Medium exact 2003,THA: IMF exact 2003,THA: IMF exact 2003,complete_primary,https://www.un.org/development/desa/pd/world-population-prospects-2024,https://api.imf.org/external/sdmx/3.0/data/dataflow/IMF.RES/WEO/9.0.0/,https://api.worldbank.org/v2/
THA,Thailand,THA,THA,2022,1,70116256,71735329,1.0230912643139416,2.3091264313941595,no,Single-country territory; UN WPP and vanilla are within the ±5% review threshold.,1298577280000,1298577280000,18520,6910,22256,6910,22256,18520,kept_vanilla,1328563071205,1328563071205,THA: UN WPP 2024 Medium exact 2022,THA: IMF exact 2022,THA: IMF exact 2022,complete_primary,https://www.un.org/development/desa/pd/world-population-prospects-2024,https://api.imf.org/external/sdmx/3.0/data/dataflow/IMF.RES/WEO/9.0.0/,https://api.worldbank.org/v2/
THA,Thailand,THA,THA,2026,0.87,71559614,71559614,1,0,no,Single-country territory; UN WPP and vanilla are within the ±5% review threshold.,1631318480000,1419247077600,19833,7051,23874,7051,23874,19833,kept_vanilla,1419247077600,1631318480000,THA: UN WPP 2024 Medium exact 2026,THA: IMF exact 2026,THA: IMF exact 2026,complete_primary,https://www.un.org/development/desa/pd/world-population-prospects-2024,https://api.imf.org/external/sdmx/3.0/data/dataflow/IMF.RES/WEO/9.0.0/,https://api.worldbank.org/v2/
TLS,Timor-Leste,TLS,TLS,2003,1.59,916878,916878,1,0,no,Single-country territory; UN WPP and vanilla are within the ±5% review threshold.,1101169591,1750859650,1910,850,3227,850,3227,1910,kept_vanilla,1750859650,1101169591,TLS: UN WPP 2024 Medium exact 2003,TLS: IMF exact 2003,TLS: IMF exact 2003,complete_primary,https://www.un.org/development/desa/pd/world-population-prospects-2024,https://api.imf.org/external/sdmx/3.0/data/dataflow/IMF.RES/WEO/9.0.0/,https://api.worldbank.org/v2/
TLS,Timor-Leste,TLS,TLS,2022,1,1377478,1369295,0.9940594332541064,-0.5940566745893605,no,Single-country territory; UN WPP and vanilla are within the ±5% review threshold.,4024240000,4024240000,2921,2343,5729,2343,5729,2921,kept_vanilla,4000333734,4000333734,TLS: UN WPP 2024 Medium exact 2022,TLS: IMF exact 2022,TLS: IMF exact 2022,complete_primary,https://www.un.org/development/desa/pd/world-population-prospects-2024,https://api.imf.org/external/sdmx/3.0/data/dataflow/IMF.RES/WEO/9.0.0/,https://api.worldbank.org/v2/
TLS,Timor-Leste,TLS,TLS,2026,0.87,1436923,1436923,1,0,no,Single-country territory; UN WPP and vanilla are within the ±5% review threshold.,6136240000,5338528800,3715,1314,4555,1314,4555,3715,kept_vanilla,5338528800,6136240000,TLS: UN WPP 2024 Medium exact 2026,TLS: IMF exact 2026,TLS: IMF exact 2026,complete_primary,https://www.un.org/development/desa/pd/world-population-prospects-2024,https://api.imf.org/external/sdmx/3.0/data/dataflow/IMF.RES/WEO/9.0.0/,https://api.worldbank.org/v2/
TGO,Togo,TGO,TGO,2003,1.59,5552167,5552167,1,0,no,Single-country territory; UN WPP and vanilla are within the ±5% review threshold.,4335087719,6892789473,1241,817,2123,817,2123,1241,kept_vanilla,6892789473,4335087719,TGO: UN WPP 2024 Medium exact 2003,TGO: IMF exact 2003,TGO: IMF exact 2003,complete_primary,https://www.un.org/development/desa/pd/world-population-prospects-2024,https://api.imf.org/external/sdmx/3.0/data/dataflow/IMF.RES/WEO/9.0.0/,https://api.worldbank.org/v2/
TGO,Togo,TGO,TGO,2022,1,8744506,9089738,1.0394798745635259,3.9479874563525863,no,Single-country territory; UN WPP and vanilla are within the ±5% review threshold.,19898560000,19898560000,2276,953,2935,953,2935,2276,kept_vanilla,20684152653,20684152653,TGO: UN WPP 2024 Medium exact 2022,TGO: IMF exact 2022,TGO: IMF exact 2022,complete_primary,https://www.un.org/development/desa/pd/world-population-prospects-2024,https://api.imf.org/external/sdmx/3.0/data/dataflow/IMF.RES/WEO/9.0.0/,https://api.worldbank.org/v2/
TGO,Togo,TGO,TGO,2026,0.87,9930919,9930918,0.9999998993043846,-0.000010069561540149152,no,Single-country territory; UN WPP and vanilla are within the ±5% review threshold.,29081360000,25300783200,2548,1177,3298,1177,3298,2548,kept_vanilla,25300780652,29081357072,TGO: UN WPP 2024 Medium exact 2026,TGO: IMF exact 2026,TGO: IMF exact 2026,complete_primary,https://www.un.org/development/desa/pd/world-population-prospects-2024,https://api.imf.org/external/sdmx/3.0/data/dataflow/IMF.RES/WEO/9.0.0/,https://api.worldbank.org/v2/
TUN,Tunisia,TUN,TUN,2003,1.59,10071632,10071632,1,0,no,Single-country territory; UN WPP and vanilla are within the ±5% review threshold.,38339766082,60960228070,6053,4546,10350,4546,10350,6053,kept_vanilla,60960228070,38339766082,TUN: UN WPP 2024 Medium exact 2003,TUN: IMF exact 2003,TUN: IMF exact 2003,complete_primary,https://www.un.org/development/desa/pd/world-population-prospects-2024,https://api.imf.org/external/sdmx/3.0/data/dataflow/IMF.RES/WEO/9.0.0/,https://api.worldbank.org/v2/
TUN,Tunisia,TUN,TUN,2022,1,12081067,12119334,1.003167518233282,0.3167518233281985,no,Single-country territory; UN WPP and vanilla are within the ±5% review threshold.,131281920000,131281920000,10867,3680,13531,3680,13531,10867,kept_vanilla,131697757875,131697757875,TUN: UN WPP 2024 Medium exact 2022,TUN: IMF exact 2022,TUN: IMF exact 2022,complete_primary,https://www.un.org/development/desa/pd/world-population-prospects-2024,https://api.imf.org/external/sdmx/3.0/data/dataflow/IMF.RES/WEO/9.0.0/,https://api.worldbank.org/v2/
TUN,Tunisia,TUN,TUN,2026,0.87,12415139,12415138,0.9999999194531772,-0.000008054682276714686,no,Single-country territory; UN WPP and vanilla are within the ±5% review threshold.,161678000000,140659860000,11330,4257,13774,4257,13774,11330,kept_vanilla,140659848670,161677986977,TUN: UN WPP 2024 Medium exact 2026,TUN: IMF exact 2026,TUN: IMF exact 2026,complete_primary,https://www.un.org/development/desa/pd/world-population-prospects-2024,https://api.imf.org/external/sdmx/3.0/data/dataflow/IMF.RES/WEO/9.0.0/,https://api.worldbank.org/v2/
TUR,Turkey,TUR,TUR,2003,1.59,67831730,67831730,1,0,no,Single-country territory; UN WPP and vanilla are within the ±5% review threshold.,466381286550,741546245615,10932,7439,18784,7439,18784,10932,kept_vanilla,741546245615,466381286550,TUR: UN WPP 2024 Medium exact 2003,TUR: IMF exact 2003,TUR: IMF exact 2003,complete_primary,https://www.un.org/development/desa/pd/world-population-prospects-2024,https://api.imf.org/external/sdmx/3.0/data/dataflow/IMF.RES/WEO/9.0.0/,https://api.worldbank.org/v2/
TUR,Turkey,TUR,TUR,2022,1,85703367,87058473,1.0158115841586481,1.581158415864814,no,Single-country territory; UN WPP and vanilla are within the ±5% review threshold.,2826623360000,2826623360000,32981,10622,35382,10622,35382,32981,kept_vanilla,2871316753141,2871316753141,TUR: UN WPP 2024 Medium exact 2022,TUR: IMF exact 2022,TUR: IMF exact 2022,complete_primary,https://www.un.org/development/desa/pd/world-population-prospects-2024,https://api.imf.org/external/sdmx/3.0/data/dataflow/IMF.RES/WEO/9.0.0/,https://api.worldbank.org/v2/
TUR,Turkey,TUR,TUR,2026,0.87,87926083,87926082,0.9999999886268105,-0.0000011373189501284742,no,Single-country territory; UN WPP and vanilla are within the ±5% review threshold.,3314754080000,2883836049600,32798,16229,39829,16229,39829,32798,kept_vanilla,2883836016802,3314754042301,TUR: UN WPP 2024 Medium exact 2026,TUR: IMF exact 2026,TUR: IMF exact 2026,complete_primary,https://www.un.org/development/desa/pd/world-population-prospects-2024,https://api.imf.org/external/sdmx/3.0/data/dataflow/IMF.RES/WEO/9.0.0/,https://api.worldbank.org/v2/
TKM,Turkmenistan,TKM,TKM,2003,1.59,4863865,4863865,1,0,no,Single-country territory; UN WPP and vanilla are within the ±5% review threshold.,16336257310,25974649123,5340,3480,5314,3480,5314,5314,clamped_to_ppp,25845521550,16255045000,TKM: UN WPP 2024 Medium exact 2003,TKM: IMF exact 2003,TKM: IMF exact 2003,complete_primary,https://www.un.org/development/desa/pd/world-population-prospects-2024,https://api.imf.org/external/sdmx/3.0/data/dataflow/IMF.RES/WEO/9.0.0/,https://api.worldbank.org/v2/
TKM,Turkmenistan,TKM,TKM,2022,1,6228007,7230193,1.1609160041085373,16.091600410853736,yes — reviewed,"Single-country game territory and UN country/area boundary align. The difference is an updated historical estimate/projection vintage, not a geographic-scope mismatch; accept the UN WPP value for a consistent source vintage.",103551360000,103551360000,16627,7839,17655,7839,17655,16627,kept_vanilla,120214431071,120214431071,TKM: UN WPP 2024 Medium exact 2022,TKM: IMF exact 2022,TKM: IMF exact 2022,complete_primary,https://www.un.org/development/desa/pd/world-population-prospects-2024,https://api.imf.org/external/sdmx/3.0/data/dataflow/IMF.RES/WEO/9.0.0/,https://api.worldbank.org/v2/
TKM,Turkmenistan,TKM,TKM,2026,0.87,7736632,7736632,1,0,no,Single-country territory; UN WPP and vanilla are within the ±5% review threshold.,163773280000,142482753600,18417,9341,18490,9341,18490,18417,kept_vanilla,142482753600,163773280000,TKM: UN WPP 2024 Medium exact 2026,TKM: IMF exact 2026,TKM: IMF exact 2026,complete_primary,https://www.un.org/development/desa/pd/world-population-prospects-2024,https://api.imf.org/external/sdmx/3.0/data/dataflow/IMF.RES/WEO/9.0.0/,https://api.worldbank.org/v2/
UGA,Uganda,UGA,UGA,2003,1.59,26352124,26352124,1,0,no,Single-country territory; UN WPP and vanilla are within the ±5% review threshold.,16984210526,27004894736,1025,526,1752,526,1752,1025,kept_vanilla,27004894736,16984210526,UGA: UN WPP 2024 Medium exact 2003,UGA: IMF exact 2003,UGA: IMF exact 2003,complete_primary,https://www.un.org/development/desa/pd/world-population-prospects-2024,https://api.imf.org/external/sdmx/3.0/data/dataflow/IMF.RES/WEO/9.0.0/,https://api.worldbank.org/v2/
UGA,Uganda,UGA,UGA,2022,1,48839366,47312719,0.9687414656447424,-3.1258534355257606,no,Single-country territory; UN WPP and vanilla are within the ±5% review threshold.,113938880000,113938880000,2333,999,3068,999,3068,2333,kept_vanilla,110377317605,110377317605,UGA: UN WPP 2024 Medium exact 2022,UGA: IMF exact 2022,UGA: IMF exact 2022,complete_primary,https://www.un.org/development/desa/pd/world-population-prospects-2024,https://api.imf.org/external/sdmx/3.0/data/dataflow/IMF.RES/WEO/9.0.0/,https://api.worldbank.org/v2/
UGA,Uganda,UGA,UGA,2026,0.87,52761470,52761469,0.9999999810467752,-0.0000018953224767415122,no,Single-country territory; UN WPP and vanilla are within the ±5% review threshold.,164655920000,143250650400,2715,1210,3436,1210,3436,2715,kept_vanilla,143250647685,164655916879,UGA: UN WPP 2024 Medium exact 2026,UGA: IMF exact 2026,UGA: IMF exact 2026,complete_primary,https://www.un.org/development/desa/pd/world-population-prospects-2024,https://api.imf.org/external/sdmx/3.0/data/dataflow/IMF.RES/WEO/9.0.0/,https://api.worldbank.org/v2/
UKR,Ukraine,UKR,UKR,2003,1.59,48315137,48315136,0.9999999793025527,-0.0000020697447311590622,no,Single-country territory; UN WPP and vanilla are within the ±5% review threshold.,197415204678,313890175438,6497,1712,11540,1712,11540,6497,kept_vanilla,313890168941,197415200592,UKR: UN WPP 2024 Medium exact 2003,UKR: IMF exact 2003,UKR: IMF exact 2003,complete_primary,https://www.un.org/development/desa/pd/world-population-prospects-2024,https://api.imf.org/external/sdmx/3.0/data/dataflow/IMF.RES/WEO/9.0.0/,https://api.worldbank.org/v2/
UKR,Ukraine,UKR,UKR,2022,1,43108669,41048766,0.9522160380317007,-4.778396196829926,no,Single-country territory; UN WPP and vanilla are within the ±5% review threshold.,517821040000,517821040000,12012,3946,13877,3946,13877,12012,kept_vanilla,493077499118,493077499118,UKR: UN WPP 2024 Medium exact 2022,UKR: IMF exact 2022,UKR: IMF exact 2022,complete_primary,https://www.un.org/development/desa/pd/world-population-prospects-2024,https://api.imf.org/external/sdmx/3.0/data/dataflow/IMF.RES/WEO/9.0.0/,https://api.worldbank.org/v2/
UKR,Ukraine,UKR,UKR,2026,0.87,39535849,39535849,1,0,no,Single-country territory; UN WPP and vanilla are within the ±5% review threshold.,607251920000,528309170400,13363,4959,15943,4959,15943,13363,kept_vanilla,528309170400,607251920000,UKR: UN WPP 2024 Medium exact 2026,UKR: IMF exact 2026,UKR: IMF exact 2026,complete_primary,https://www.un.org/development/desa/pd/world-population-prospects-2024,https://api.imf.org/external/sdmx/3.0/data/dataflow/IMF.RES/WEO/9.0.0/,https://api.worldbank.org/v2/
UAE,United Arab Emirates,ARE,ARE,2003,1.59,4192457,4192457,1.0000000000000002,2.220446049250313e-14,no,Single-country territory; UN WPP and vanilla are within the ±5% review threshold.,156876608187,249433807017,59496,47159,100330,47159,100330,59496,kept_vanilla,249433807017,156876608187,ARE: UN WPP 2024 Medium exact 2003,ARE: IMF exact 2003,ARE: IMF exact 2003,complete_primary,https://www.un.org/development/desa/pd/world-population-prospects-2024,https://api.imf.org/external/sdmx/3.0/data/dataflow/IMF.RES/WEO/9.0.0/,https://api.worldbank.org/v2/
UAE,United Arab Emirates,ARE,ARE,2022,1,10109201,10242086,1.0131449557685124,1.3144955768512379,no,Single-country territory; UN WPP and vanilla are within the ±5% review threshold.,685725920000,685725920000,67832,49932,73835,49932,73835,67832,kept_vanilla,694739756888,694739756888,ARE: UN WPP 2024 Medium exact 2022,ARE: IMF exact 2022,ARE: IMF exact 2022,complete_primary,https://www.un.org/development/desa/pd/world-population-prospects-2024,https://api.imf.org/external/sdmx/3.0/data/dataflow/IMF.RES/WEO/9.0.0/,https://api.worldbank.org/v2/
UAE,United Arab Emirates,ARE,ARE,2026,0.87,11574682,11574682,1,0,no,Single-country territory; UN WPP and vanilla are within the ±5% review threshold.,796599760000,693041791200,59876,46718,75637,46718,75637,59876,kept_vanilla,693041791200,796599760000,ARE: UN WPP 2024 Medium exact 2026,ARE: IMF exact 2026,ARE: IMF exact 2026,complete_primary,https://www.un.org/development/desa/pd/world-population-prospects-2024,https://api.imf.org/external/sdmx/3.0/data/dataflow/IMF.RES/WEO/9.0.0/,https://api.worldbank.org/v2/
GBR,United Kingdom,GBR+JEY+IMN,GBR+JEY+IMN+AIA+BMU+CYM+MSR+TCA+VGB,2003,1.59,59820384,60155258,1.0055979914806297,0.5597991480629672,no,"Added the populated territories represented by the British West Indies region, while retaining Jersey and the Isle of Man from the game ISO list.",1103967836257,1755308859649,29343,54992,50525,50525,54992,50525,clamped_to_ppp,3039350900140,1911541446629,GBR: UN WPP 2024 Medium exact 2003; JEY: UN WPP 2024 Medium exact 2003; IMN: UN WPP 2024 Medium exact 2003; AIA: UN WPP 2024 Medium exact 2003; BMU: UN WPP 2024 Medium exact 2003; CYM: UN WPP 2024 Medium exact 2003; MSR: UN WPP 2024 Medium exact 2003; TCA: UN WPP 2024 Medium exact 2003; VGB: UN WPP 2024 Medium exact 2003,"GBR: IMF exact 2003; JEY: World Bank exact 2003 (Channel Islands proxy for Jersey); IMN: World Bank exact 2003; AIA: nominal GDP/c inferred from global available-country peers median level (210 peers); BMU: World Bank exact 2003; CYM: peer-growth inference from World Bank 2006; Latin America & Caribbean ; High income median 5.99%/yr (15 peers, capped at ±8%); MSR: nominal GDP/c inferred from global available-country peers median level (210 peers); TCA: World Bank exact 2003; VGB: nominal GDP/c inferred from Latin America & Caribbean ; High income median level (15 peers)","GBR: IMF exact 2003; JEY: PPP inferred from filled nominal GDP using Europe & Central Asia; High income median PPP/nominal ratio 1.228 (35 peers); IMN: PPP inferred from filled nominal GDP using Europe & Central Asia; High income median PPP/nominal ratio 1.228 (35 peers); AIA: PPP inferred from filled nominal GDP using global available-country peers median PPP/nominal ratio 2.577 (199 peers); BMU: World Bank exact 2003; CYM: peer-growth inference from World Bank 2006; Latin America & Caribbean ; High income median 3.72%/yr (14 peers, capped at ±8%); MSR: PPP inferred from filled nominal GDP using global available-country peers median PPP/nominal ratio 2.577 (199 peers); TCA: peer-growth inference from World Bank 2007; Latin America & Caribbean ; High income median 3.78%/yr (14 peers, capped at ±8%); VGB: PPP inferred from filled nominal GDP using Latin America & Caribbean ; High income median PPP/nominal ratio 1.624 (14 peers)",proxy_component+inferred+secondary_source,https://www.un.org/development/desa/pd/world-population-prospects-2024,https://api.imf.org/external/sdmx/3.0/data/dataflow/IMF.RES/WEO/9.0.0/,https://api.worldbank.org/v2/
GBR,United Kingdom,GBR+JEY+IMN,GBR+JEY+IMN+AIA+BMU+CYM+MSR+TCA+VGB,2022,1,68586015,68606076,1.0002924940310354,0.029249403103537297,no,"Added the populated territories represented by the British West Indies region, while retaining Jersey and the Isle of Man from the game ISO list.",3301623600000,3301623600000,48138,47057,59767,47057,59767,48138,kept_vanilla,3302589305196,3302589305196,GBR: UN WPP 2024 Medium exact 2022; JEY: UN WPP 2024 Medium exact 2022; IMN: UN WPP 2024 Medium exact 2022; AIA: UN WPP 2024 Medium exact 2022; BMU: UN WPP 2024 Medium exact 2022; CYM: UN WPP 2024 Medium exact 2022; MSR: UN WPP 2024 Medium exact 2022; TCA: UN WPP 2024 Medium exact 2022; VGB: UN WPP 2024 Medium exact 2022,GBR: IMF exact 2022; JEY: World Bank exact 2022 (Channel Islands proxy for Jersey); IMN: World Bank exact 2022; AIA: nominal GDP/c inferred from global available-country peers median level (211 peers); BMU: World Bank exact 2022; CYM: World Bank exact 2022; MSR: nominal GDP/c inferred from global available-country peers median level (211 peers); TCA: World Bank exact 2022; VGB: nominal GDP/c inferred from Latin America & Caribbean ; High income median level (17 peers),GBR: IMF exact 2022; JEY: PPP inferred from filled nominal GDP using Europe & Central Asia; High income median PPP/nominal ratio 1.515 (36 peers); IMN: PPP inferred from filled nominal GDP using Europe & Central Asia; High income median PPP/nominal ratio 1.515 (36 peers); AIA: PPP inferred from filled nominal GDP using global available-country peers median PPP/nominal ratio 2.283 (203 peers); BMU: World Bank exact 2022; CYM: World Bank exact 2022; MSR: PPP inferred from filled nominal GDP using global available-country peers median PPP/nominal ratio 2.283 (203 peers); TCA: World Bank exact 2022; VGB: PPP inferred from filled nominal GDP using Latin America & Caribbean ; High income median PPP/nominal ratio 1.428 (17 peers),proxy_component+inferred+secondary_source,https://www.un.org/development/desa/pd/world-population-prospects-2024,https://api.imf.org/external/sdmx/3.0/data/dataflow/IMF.RES/WEO/9.0.0/,https://api.worldbank.org/v2/
GBR,United Kingdom,GBR+JEY+IMN,GBR+JEY+IMN+AIA+BMU+CYM+MSR+TCA+VGB,2026,0.87,69931528,70367573,1.0062353134912196,0.6235313491219641,no,"Added the populated territories represented by the British West Indies region, while retaining Jersey and the Isle of Man from the game ISO list.",3920150080000,3410530569600,48770,53257,58956,53257,58956,53257,clamped_to_nominal,3747570229434,4307551987855,GBR: UN WPP 2024 Medium exact 2026; JEY: UN WPP 2024 Medium exact 2026; IMN: UN WPP 2024 Medium exact 2026; AIA: UN WPP 2024 Medium exact 2026; BMU: UN WPP 2024 Medium exact 2026; CYM: UN WPP 2024 Medium exact 2026; MSR: UN WPP 2024 Medium exact 2026; TCA: UN WPP 2024 Medium exact 2026; VGB: UN WPP 2024 Medium exact 2026,"GBR: IMF exact 2026; JEY: peer-growth inference from World Bank 2023; Europe & Central Asia; High income median 5.30%/yr (34 peers, capped at ±8%); IMN: peer-growth inference from World Bank 2023; Europe & Central Asia; High income median 5.30%/yr (34 peers, capped at ±8%); AIA: nominal GDP/c inferred from global available-country peers median level (177 peers); BMU: peer-growth inference from World Bank 2024; High income median 5.34%/yr (60 peers, capped at ±8%); CYM: peer-growth inference from World Bank 2024; Latin America & Caribbean ; High income median 4.29%/yr (9 peers, capped at ±8%); MSR: nominal GDP/c inferred from global available-country peers median level (177 peers); TCA: peer-growth inference from World Bank 2024; Latin America & Caribbean ; High income median 4.29%/yr (9 peers, capped at ±8%); VGB: nominal GDP/c inferred from Latin America & Caribbean ; High income median level (9 peers)","GBR: IMF exact 2026; JEY: PPP inferred from filled nominal GDP using Europe & Central Asia; High income median PPP/nominal ratio 1.392 (34 peers); IMN: PPP inferred from filled nominal GDP using Europe & Central Asia; High income median PPP/nominal ratio 1.392 (34 peers); AIA: PPP inferred from filled nominal GDP using global available-country peers median PPP/nominal ratio 2.285 (177 peers); BMU: peer-growth inference from World Bank 2024; High income median 1.57%/yr (60 peers, capped at ±8%); CYM: peer-growth inference from World Bank 2024; Latin America & Caribbean ; High income median 2.89%/yr (9 peers, capped at ±8%); MSR: PPP inferred from filled nominal GDP using global available-country peers median PPP/nominal ratio 2.285 (177 peers); TCA: peer-growth inference from World Bank 2024; Latin America & Caribbean ; High income median 2.89%/yr (9 peers, capped at ±8%); VGB: PPP inferred from filled nominal GDP using Latin America & Caribbean ; High income median PPP/nominal ratio 1.683 (9 peers)",inferred,https://www.un.org/development/desa/pd/world-population-prospects-2024,https://api.imf.org/external/sdmx/3.0/data/dataflow/IMF.RES/WEO/9.0.0/,https://api.worldbank.org/v2/
USA,United States of America,USA+PRI,USA+PRI+VIR+GUM+ASM+MNP,2003,1.59,289908101,294107842,1.0144864561752966,1.4486456175296647,no,"Added Puerto Rico, the US Virgin Islands, Guam, American Samoa, and the Northern Mariana Islands represented by the American Caribbean and Pacific regions.",6699678362573,10652488596491,36744,62393,62516,62393,62516,62393,clamped_to_nominal,18350283810000,11541059000000,USA: UN WPP 2024 Medium exact 2003; PRI: UN WPP 2024 Medium exact 2003; VIR: UN WPP 2024 Medium exact 2003; GUM: UN WPP 2024 Medium exact 2003; ASM: UN WPP 2024 Medium exact 2003; MNP: UN WPP 2024 Medium exact 2003,USA: IMF exact 2003; PRI: IMF exact 2003; VIR: World Bank exact 2003; GUM: World Bank exact 2003; ASM: World Bank exact 2003; MNP: World Bank exact 2003,USA: IMF exact 2003; PRI: IMF exact 2003; VIR: World Bank exact 2003; GUM: PPP inferred from filled nominal GDP using East Asia & Pacific; High income median PPP/nominal ratio 1.428 (10 peers); ASM: PPP inferred from filled nominal GDP using East Asia & Pacific; High income median PPP/nominal ratio 1.428 (10 peers); MNP: PPP inferred from filled nominal GDP using East Asia & Pacific; High income median PPP/nominal ratio 1.428 (10 peers),inferred+secondary_source,https://www.un.org/development/desa/pd/world-population-prospects-2024,https://api.imf.org/external/sdmx/3.0/data/dataflow/IMF.RES/WEO/9.0.0/,https://api.worldbank.org/v2/
USA,United States of America,USA+PRI,USA+PRI+VIR+GUM+ASM+MNP,2022,1,335386250,345121121,1.029025850046029,2.902585004602898,no,"Added Puerto Rico, the US Virgin Islands, Guam, American Samoa, and the Northern Mariana Islands represented by the American Caribbean and Pacific regions.",22305188400000,22305188400000,66506,75863,75968,75863,75968,75863,clamped_to_nominal,26181992700000,26181992700000,USA: UN WPP 2024 Medium exact 2022; PRI: UN WPP 2024 Medium exact 2022; VIR: UN WPP 2024 Medium exact 2022; GUM: UN WPP 2024 Medium exact 2022; ASM: UN WPP 2024 Medium exact 2022; MNP: UN WPP 2024 Medium exact 2022,USA: IMF exact 2022; PRI: IMF exact 2022; VIR: World Bank exact 2022; GUM: World Bank exact 2022; ASM: World Bank exact 2022; MNP: World Bank exact 2022,USA: IMF exact 2022; PRI: IMF exact 2022; VIR: World Bank exact 2022; GUM: PPP inferred from filled nominal GDP using East Asia & Pacific; High income median PPP/nominal ratio 1.411 (10 peers); ASM: PPP inferred from filled nominal GDP using East Asia & Pacific; High income median PPP/nominal ratio 1.411 (10 peers); MNP: PPP inferred from filled nominal GDP using East Asia & Pacific; High income median PPP/nominal ratio 1.411 (10 peers),inferred+secondary_source,https://www.un.org/development/desa/pd/world-population-prospects-2024,https://api.imf.org/external/sdmx/3.0/data/dataflow/IMF.RES/WEO/9.0.0/,https://api.worldbank.org/v2/
USA,United States of America,USA+PRI,USA+PRI+VIR+GUM+ASM+MNP,2026,0.87,349035493,352600000,1.0102124485087824,1.0212448508782446,no,"Added Puerto Rico, the US Virgin Islands, Guam, American Samoa, and the Northern Mariana Islands represented by the American Caribbean and Pacific regions.",26941853840000,23439412840800,67155,80260,80375,80260,80375,80260,clamped_to_nominal,28299564419028,32528234964400,USA: UN WPP 2024 Medium exact 2026; PRI: UN WPP 2024 Medium exact 2026; VIR: UN WPP 2024 Medium exact 2026; GUM: UN WPP 2024 Medium exact 2026; ASM: UN WPP 2024 Medium exact 2026; MNP: UN WPP 2024 Medium exact 2026,"USA: IMF exact 2026; PRI: IMF exact 2026; VIR: peer-growth inference from World Bank 2022; Latin America & Caribbean ; High income median 2.27%/yr (9 peers, capped at ±8%); GUM: peer-growth inference from World Bank 2022; East Asia & Pacific; High income median -0.77%/yr (6 peers, capped at ±8%); ASM: peer-growth inference from World Bank 2022; East Asia & Pacific; High income median -0.77%/yr (6 peers, capped at ±8%); MNP: peer-growth inference from World Bank 2022; East Asia & Pacific; High income median -0.77%/yr (6 peers, capped at ±8%)","USA: IMF exact 2026; PRI: IMF exact 2026; VIR: peer-growth inference from World Bank 2022; Latin America & Caribbean ; High income median 2.38%/yr (9 peers, capped at ±8%); GUM: PPP inferred from filled nominal GDP using East Asia & Pacific; High income median PPP/nominal ratio 1.635 (6 peers); ASM: PPP inferred from filled nominal GDP using East Asia & Pacific; High income median PPP/nominal ratio 1.635 (6 peers); MNP: PPP inferred from filled nominal GDP using East Asia & Pacific; High income median PPP/nominal ratio 1.635 (6 peers)",inferred,https://www.un.org/development/desa/pd/world-population-prospects-2024,https://api.imf.org/external/sdmx/3.0/data/dataflow/IMF.RES/WEO/9.0.0/,https://api.worldbank.org/v2/
URY,Uruguay,URY,URY,2003,1.59,3281186,3281186,1,0,no,Single-country territory; UN WPP and vanilla are within the ±5% review threshold.,19566081871,31110070175,9481,6377,16213,6377,16213,9481,kept_vanilla,31110070175,19566081871,URY: UN WPP 2024 Medium exact 2003,URY: IMF exact 2003,URY: IMF exact 2003,complete_primary,https://www.un.org/development/desa/pd/world-population-prospects-2024,https://api.imf.org/external/sdmx/3.0/data/dataflow/IMF.RES/WEO/9.0.0/,https://api.worldbank.org/v2/
URY,Uruguay,URY,URY,2022,1,3499367,3390913,0.969007537648952,-3.0992462351048022,no,Single-country territory; UN WPP and vanilla are within the ±5% review threshold.,83409040000,83409040000,23835,21011,33034,21011,33034,23835,kept_vanilla,80823988468,80823988468,URY: UN WPP 2024 Medium exact 2022,URY: IMF exact 2022,URY: IMF exact 2022,complete_primary,https://www.un.org/development/desa/pd/world-population-prospects-2024,https://api.imf.org/external/sdmx/3.0/data/dataflow/IMF.RES/WEO/9.0.0/,https://api.worldbank.org/v2/
URY,Uruguay,URY,URY,2026,0.87,3382537,3382537,1,0,no,Single-country territory; UN WPP and vanilla are within the ±5% review threshold.,114583920000,99688010400,29471,24715,34940,24715,34940,29471,kept_vanilla,99688010400,114583920000,URY: UN WPP 2024 Medium exact 2026,URY: IMF exact 2026,URY: IMF exact 2026,complete_primary,https://www.un.org/development/desa/pd/world-population-prospects-2024,https://api.imf.org/external/sdmx/3.0/data/dataflow/IMF.RES/WEO/9.0.0/,https://api.worldbank.org/v2/
UZB,Uzbekistan,UZB,UZB,2003,1.59,25711259,25711259,1,0,no,Single-country territory; UN WPP and vanilla are within the ±5% review threshold.,41912280702,66640526316,2592,872,4242,872,4242,2592,kept_vanilla,66640526316,41912280702,UZB: UN WPP 2024 Medium exact 2003,UZB: IMF exact 2003,UZB: IMF exact 2003,complete_primary,https://www.un.org/development/desa/pd/world-population-prospects-2024,https://api.imf.org/external/sdmx/3.0/data/dataflow/IMF.RES/WEO/9.0.0/,https://api.worldbank.org/v2/
UZB,Uzbekistan,UZB,UZB,2022,1,34521553,34938955,1.012091055115626,1.2091055115625915,no,Single-country territory; UN WPP and vanilla are within the ±5% review threshold.,286893200000,286893200000,8311,2699,10809,2699,10809,8311,kept_vanilla,290362041493,290362041493,UZB: UN WPP 2024 Medium exact 2022,UZB: IMF exact 2022,UZB: IMF exact 2022,complete_primary,https://www.un.org/development/desa/pd/world-population-prospects-2024,https://api.imf.org/external/sdmx/3.0/data/dataflow/IMF.RES/WEO/9.0.0/,https://api.worldbank.org/v2/
UZB,Uzbekistan,UZB,UZB,2026,0.87,37724223,37724223,1,0,no,Single-country territory; UN WPP and vanilla are within the ±5% review threshold.,413462720000,359712566400,9535,4186,12734,4186,12734,9535,kept_vanilla,359712566400,413462720000,UZB: UN WPP 2024 Medium exact 2026,UZB: IMF exact 2026,UZB: IMF exact 2026,complete_primary,https://www.un.org/development/desa/pd/world-population-prospects-2024,https://api.imf.org/external/sdmx/3.0/data/dataflow/IMF.RES/WEO/9.0.0/,https://api.worldbank.org/v2/
VEN,Venezuela,VEN,VEN,2003,1.59,25892703,25892703,1,0,no,Single-country territory; UN WPP and vanilla are within the ±5% review threshold.,152851461988,243033824561,9386,5139,16050,5139,16050,9386,kept_vanilla,243033824561,152851461988,VEN: UN WPP 2024 Medium exact 2003,VEN: IMF exact 2003,VEN: IMF exact 2003,complete_primary,https://www.un.org/development/desa/pd/world-population-prospects-2024,https://api.imf.org/external/sdmx/3.0/data/dataflow/IMF.RES/WEO/9.0.0/,https://api.worldbank.org/v2/
VEN,Venezuela,VEN,VEN,2022,1,29470896,28213017,0.9573179247756838,-4.268207522431622,no,Single-country territory; UN WPP and vanilla are within the ±5% review threshold.,140916160000,140916160000,4782,3155,6933,3155,6933,4782,kept_vanilla,134901565859,134901565859,VEN: UN WPP 2024 Medium exact 2022,VEN: IMF exact 2022,VEN: IMF exact 2022,complete_primary,https://www.un.org/development/desa/pd/world-population-prospects-2024,https://api.imf.org/external/sdmx/3.0/data/dataflow/IMF.RES/WEO/9.0.0/,https://api.worldbank.org/v2/
VEN,Venezuela,VEN,VEN,2026,0.87,28633711,28633711,1,0,no,Single-country territory; UN WPP and vanilla are within the ±5% review threshold.,197105920000,171482150400,5989,3382,7729,3382,7729,5989,kept_vanilla,171482150400,197105920000,VEN: UN WPP 2024 Medium exact 2026,VEN: IMF exact 2026,VEN: IMF exact 2026,complete_primary,https://www.un.org/development/desa/pd/world-population-prospects-2024,https://api.imf.org/external/sdmx/3.0/data/dataflow/IMF.RES/WEO/9.0.0/,https://api.worldbank.org/v2/
VNM,Vietnam,VNM,VNM,2003,1.59,79563777,79563777,1,0,no,Single-country territory; UN WPP and vanilla are within the ±5% review threshold.,162138011696,257799438597,3240,1004,5541,1004,5541,3240,kept_vanilla,257799438597,162138011696,VNM: UN WPP 2024 Medium exact 2003,VNM: IMF exact 2003,VNM: IMF exact 2003,complete_primary,https://www.un.org/development/desa/pd/world-population-prospects-2024,https://api.imf.org/external/sdmx/3.0/data/dataflow/IMF.RES/WEO/9.0.0/,https://api.worldbank.org/v2/
VNM,Vietnam,VNM,VNM,2022,1,99194779,99680655,1.0048982013458592,0.48982013458591656,no,Single-country territory; UN WPP and vanilla are within the ±5% review threshold.,1124693680000,1124693680000,11338,4123,13903,4123,13903,11338,kept_vanilla,1130202656097,1130202656097,VNM: UN WPP 2024 Medium exact 2022,VNM: IMF exact 2022,VNM: IMF exact 2022,complete_primary,https://www.un.org/development/desa/pd/world-population-prospects-2024,https://api.imf.org/external/sdmx/3.0/data/dataflow/IMF.RES/WEO/9.0.0/,https://api.worldbank.org/v2/
VNM,Vietnam,VNM,VNM,2026,0.87,102177431,102177431,1,0,no,Single-country territory; UN WPP and vanilla are within the ±5% review threshold.,1590204000000,1383477480000,13540,4489,17245,4489,17245,13540,kept_vanilla,1383477480000,1590204000000,VNM: UN WPP 2024 Medium exact 2026,VNM: IMF exact 2026,VNM: IMF exact 2026,complete_primary,https://www.un.org/development/desa/pd/world-population-prospects-2024,https://api.imf.org/external/sdmx/3.0/data/dataflow/IMF.RES/WEO/9.0.0/,https://api.worldbank.org/v2/
YEM,Yemen,YEM,YEM,2003,1.59,21456379,21456379,1,0,no,Full territorial Yemen is represented by the Yemen and Aden regions. Use the UN WPP full-area estimate; reject the much lower IMF WEO population series because it reflects a jurisdiction/reporting scope that does not match the game territory.,35686549708,56741614036,2645,873,4522,873,4522,2645,kept_vanilla,56741614036,35686549708,YEM: UN WPP 2024 Medium exact 2003,YEM: World Bank exact 2003,YEM: World Bank exact 2003,secondary_source,https://www.un.org/development/desa/pd/world-population-prospects-2024,https://api.imf.org/external/sdmx/3.0/data/dataflow/IMF.RES/WEO/9.0.0/,https://api.worldbank.org/v2/
YEM,Yemen,YEM,YEM,2022,1,31363725,38222876,1.218696950059344,21.86969500593441,yes — reviewed,Full territorial Yemen is represented by the Yemen and Aden regions. Use the UN WPP full-area estimate; reject the much lower IMF WEO population series because it reflects a jurisdiction/reporting scope that does not match the game territory.,46856068793,46856068793,1494,291,805,291,805,805,clamped_to_ppp,30788393000,30788393000,YEM: UN WPP 2024 Medium exact 2022,YEM: IMF exact 2022,YEM: IMF exact 2022,complete_primary,https://www.un.org/development/desa/pd/world-population-prospects-2024,https://api.imf.org/external/sdmx/3.0/data/dataflow/IMF.RES/WEO/9.0.0/,https://api.worldbank.org/v2/
YEM,Yemen,YEM,YEM,2026,0.87,42961653,42961653,1,0,no,Full territorial Yemen is represented by the Yemen and Aden regions. Use the UN WPP full-area estimate; reject the much lower IMF WEO population series because it reflects a jurisdiction/reporting scope that does not match the game territory.,61564800000,53561376000,1247,151,626,151,626,626,clamped_to_ppp,26905941030,30926369000,YEM: UN WPP 2024 Medium exact 2026,YEM: IMF exact 2026,YEM: IMF exact 2026,complete_primary,https://www.un.org/development/desa/pd/world-population-prospects-2024,https://api.imf.org/external/sdmx/3.0/data/dataflow/IMF.RES/WEO/9.0.0/,https://api.worldbank.org/v2/
ZMB,Zambia,ZMB,ZMB,2003,1.59,10983595,10983595,1,0,no,Single-country territory; UN WPP and vanilla are within the ±5% review threshold.,11070175439,17601578948,1603,710,2740,710,2740,1603,kept_vanilla,17601578948,11070175439,ZMB: UN WPP 2024 Medium exact 2003,ZMB: IMF exact 2003,ZMB: IMF exact 2003,complete_primary,https://www.un.org/development/desa/pd/world-population-prospects-2024,https://api.imf.org/external/sdmx/3.0/data/dataflow/IMF.RES/WEO/9.0.0/,https://api.worldbank.org/v2/
ZMB,Zambia,ZMB,ZMB,2022,1,19643680,20152938,1.0259247758057553,2.592477580575525,no,Single-country territory; UN WPP and vanilla are within the ±5% review threshold.,66607200000,66607200000,3391,1447,3840,1447,3840,3391,kept_vanilla,68333976727,68333976727,ZMB: UN WPP 2024 Medium exact 2022,ZMB: IMF exact 2022,ZMB: IMF exact 2022,complete_primary,https://www.un.org/development/desa/pd/world-population-prospects-2024,https://api.imf.org/external/sdmx/3.0/data/dataflow/IMF.RES/WEO/9.0.0/,https://api.worldbank.org/v2/
ZMB,Zambia,ZMB,ZMB,2026,0.87,22521916,22521915,0.9999999555988043,-0.000004440119572013401,no,Single-country territory; UN WPP and vanilla are within the ±5% review threshold.,86376400000,75147468000,3337,1593,3978,1593,3978,3337,kept_vanilla,75147464663,86376396165,ZMB: UN WPP 2024 Medium exact 2026,ZMB: IMF exact 2026,ZMB: IMF exact 2026,complete_primary,https://www.un.org/development/desa/pd/world-population-prospects-2024,https://api.imf.org/external/sdmx/3.0/data/dataflow/IMF.RES/WEO/9.0.0/,https://api.worldbank.org/v2/
ZWE,Zimbabwe,ZWE,ZWE,2003,1.59,12232323,12232323,1,0,no,Single-country territory; UN WPP and vanilla are within the ±5% review threshold.,15481286550,24615245615,2012,1839,4843,1839,4843,2012,kept_vanilla,24615245615,15481286550,ZWE: UN WPP 2024 Medium exact 2003,ZWE: IMF exact 2003,ZWE: IMF exact 2003,complete_primary,https://www.un.org/development/desa/pd/world-population-prospects-2024,https://api.imf.org/external/sdmx/3.0/data/dataflow/IMF.RES/WEO/9.0.0/,https://api.worldbank.org/v2/
ZWE,Zimbabwe,ZWE,ZWE,2022,1,15405796,16069056,1.0430526277253054,4.305262772530538,no,Single-country territory; UN WPP and vanilla are within the ±5% review threshold.,35117280000,35117280000,2279,3023,6849,3023,6849,3023,clamped_to_nominal,48570383000,48570383000,ZWE: UN WPP 2024 Medium exact 2022,ZWE: IMF exact 2022,ZWE: IMF exact 2022,complete_primary,https://www.un.org/development/desa/pd/world-population-prospects-2024,https://api.imf.org/external/sdmx/3.0/data/dataflow/IMF.RES/WEO/9.0.0/,https://api.worldbank.org/v2/
ZWE,Zimbabwe,ZWE,ZWE,2026,0.87,17273580,17273580,1,0,no,Single-country territory; UN WPP and vanilla are within the ±5% review threshold.,82606480000,71867637600,4161,2856,7539,2856,7539,4161,kept_vanilla,71867637600,82606480000,ZWE: UN WPP 2024 Medium exact 2026,ZWE: IMF exact 2026,ZWE: IMF exact 2026,complete_primary,https://www.un.org/development/desa/pd/world-population-prospects-2024,https://api.imf.org/external/sdmx/3.0/data/dataflow/IMF.RES/WEO/9.0.0/,https://api.worldbank.org/v2/
